StandortID,Periode,Probenahmedatum,Jahr,Probenart,Parameter,Wert
828,1,1999-12-16,1999,OBER-0-20,CDT_PPM,0.7348
828,1,1999-12-16,1999,UNTER40-60,CDT_PPM,0.28137
828,1,1999-12-16,1999,OBER-0-20,CRT_PPM,33.69403
828,1,1999-12-16,1999,UNTER40-60,CRT_PPM,35.43861
828,1,1999-12-16,1999,OBER-0-20,CUT_PPM,74.9
828,1,1999-12-16,1999,UNTER40-60,CUT_PPM,28.41107
828,1,1999-12-16,1999,OBER-0-20,Hg_AMA_PPM,0.313145
828,1,1999-12-16,1999,OBER-0-20,HGT_PPM,0.2638
828,1,1999-12-16,1999,UNTER40-60,HGT_PPM,0.07561
828,1,1999-12-16,1999,OBER-0-20,NIT_PPM,34.88575
828,1,1999-12-16,1999,UNTER40-60,NIT_PPM,44.30852
828,1,1999-12-16,1999,OBER-0-20,ORG_SUB,10.25
828,1,1999-12-16,1999,UNTER40-60,ORG_SUB,2.33
828,1,1999-12-16,1999,OBER-0-20,PBT_PPM,139.00168
828,1,1999-12-16,1999,UNTER40-60,PBT_PPM,39.75639
828,1,1999-12-16,1999,OBER-0-20,PHCA,6.82
828,1,1999-12-16,1999,UNTER40-60,PHCA,6.88
828,1,1999-12-16,1999,OBER-0-20,ZNT_PPM,288.28714
828,1,1999-12-16,1999,UNTER40-60,ZNT_PPM,99.86579
828,2,2004-11-18,2004,OBER-0-20,CDT_PPM,0.743
828,2,2004-11-18,2004,UNTER40-60,CDT_PPM,0.406
828,2,2004-11-18,2004,OBER-0-20,CRT_PPM,34.6
828,2,2004-11-18,2004,UNTER40-60,CRT_PPM,35.2
828,2,2004-11-18,2004,OBER-0-20,CUT_PPM,90.5
828,2,2004-11-18,2004,UNTER40-60,CUT_PPM,30.2
828,2,2004-11-18,2004,OBER-0-20,Hg_AMA_PPM,0.313
828,2,2004-11-18,2004,OBER-0-20,HGT_PPM,0.235
828,2,2004-11-18,2004,UNTER40-60,HGT_PPM,0.11434
828,2,2004-11-18,2004,OBER-0-20,NIT_PPM,34.4
828,2,2004-11-18,2004,UNTER40-60,NIT_PPM,42
828,2,2004-11-18,2004,OBER-0-20,ORG_SUB,14.505352
828,2,2004-11-18,2004,OBER-0-20,PBT_PPM,177
828,2,2004-11-18,2004,UNTER40-60,PBT_PPM,55.4
828,2,2004-11-18,2004,OBER-0-20,ZNT_PPM,295.3
828,2,2004-11-18,2004,UNTER40-60,ZNT_PPM,107.4
828,3,2009-10-22,2009,OBER-0-20,CDT_PPM,0.684
828,3,2009-10-22,2009,UNTER40-60,CDT_PPM,0.396
828,3,2009-10-22,2009,OBER-0-20,CRT_PPM,32.5
828,3,2009-10-22,2009,UNTER40-60,CRT_PPM,32.6
828,3,2009-10-22,2009,OBER-0-20,CUT_PPM,107.5
828,3,2009-10-22,2009,UNTER40-60,CUT_PPM,44.3
828,3,2009-10-22,2009,OBER-0-20,Hg_AMA_PPM,0.4199
828,3,2009-10-22,2009,OBER-0-20,HGT_PPM,0.26
828,3,2009-10-22,2009,UNTER40-60,HGT_PPM,0.12
828,3,2009-10-22,2009,OBER-0-20,NIT_PPM,32.1
828,3,2009-10-22,2009,UNTER40-60,NIT_PPM,39
828,3,2009-10-22,2009,OBER-0-20,ORG_SUB,13.273012
828,3,2009-10-22,2009,UNTER40-60,ORG_SUB,4.786185
828,3,2009-10-22,2009,OBER-0-20,PBT_PPM,129
828,3,2009-10-22,2009,UNTER40-60,PBT_PPM,56.4
828,3,2009-10-22,2009,OBER-0-20,PHCA,6.69
828,3,2009-10-22,2009,UNTER40-60,PHCA,6.86
828,3,2009-10-22,2009,OBER-0-20,ZNT_PPM,306
828,3,2009-10-22,2009,UNTER40-60,ZNT_PPM,146.5
828,4,2014-12-26,2014,OBER-0-20,CDT_PPM,0.7094245
828,4,2014-12-26,2014,OBER-0-20,CRT_PPM,31.385812
828,4,2014-12-26,2014,OBER-0-20,CUT_PPM,111.3045545
828,4,2014-12-26,2014,OBER-0-20,Hg_AMA_PPM,0.275775
828,4,2014-12-26,2014,OBER-0-20,HGT_PPM,0.233492
828,4,2014-12-26,2014,OBER-0-20,NIT_PPM,32.2771725
828,4,2014-12-26,2014,OBER-0-20,ORG_SUB,11.610457
828,4,2014-12-26,2014,OBER-0-20,PBT_PPM,567.724703
828,4,2014-12-26,2014,OBER-0-20,PHCA,6.73
828,4,2014-12-26,2014,OBER-0-20,ZNT_PPM,322.6737805
828,5,2019-11-13,2019,OBER-0-20,CDT_PPM,0.648
828,5,2019-11-13,2019,UNTER40-60,CDT_PPM,0.334
828,5,2019-11-13,2019,OBER-0-20,CUT_PPM,107
828,5,2019-11-13,2019,UNTER40-60,CUT_PPM,30.1
828,5,2019-11-13,2019,OBER-0-20,Hg_AMA_PPM,0.3034
828,5,2019-11-13,2019,UNTER40-60,Hg_AMA_PPM,0.1499
828,5,2019-11-13,2019,OBER-0-20,HGT_PPM,0.23
828,5,2019-11-13,2019,OBER-0-20,NIT_PPM,29.3
828,5,2019-11-13,2019,UNTER40-60,NIT_PPM,36.5
828,5,2019-11-13,2019,OBER-0-20,ORG_SUB,10.023457
828,5,2019-11-13,2019,UNTER40-60,ORG_SUB,2.641147
828,5,2019-11-13,2019,OBER-0-20,PBT_PPM,128
828,5,2019-11-13,2019,UNTER40-60,PBT_PPM,45.5
828,5,2019-11-13,2019,OBER-0-20,PHCA,6.75
828,5,2019-11-13,2019,UNTER40-60,PHCA,6.69
828,5,2019-11-13,2019,OBER-0-20,ZNT_PPM,294
828,5,2019-11-13,2019,UNTER40-60,ZNT_PPM,104
828,6,2024-11-12,2024,OBER-0-20,CDT_PPM,0.6912
828,6,2024-11-12,2024,UNTER40-60,CDT_PPM,0.4274
828,6,2024-11-12,2024,OBER-0-20,CRT_PPM,29.7054
828,6,2024-11-12,2024,UNTER40-60,CRT_PPM,29.9765
828,6,2024-11-12,2024,OBER-0-20,CUT_PPM,188.9618
828,6,2024-11-12,2024,UNTER40-60,CUT_PPM,43.2314
828,6,2024-11-12,2024,OBER-0-20,Hg_AMA_PPM,0.22359
828,6,2024-11-12,2024,UNTER40-60,Hg_AMA_PPM,0.170796
828,6,2024-11-12,2024,OBER-0-20,HGT_PPM,0.2262
828,6,2024-11-12,2024,UNTER40-60,HGT_PPM,0.1747
828,6,2024-11-12,2024,OBER-0-20,NIT_PPM,30.9407
828,6,2024-11-12,2024,UNTER40-60,NIT_PPM,37.7869
828,6,2024-11-12,2024,OBER-0-20,ORG_SUB,9.87735
828,6,2024-11-12,2024,UNTER40-60,ORG_SUB,3.510375
828,6,2024-11-12,2024,OBER-0-20,PBT_PPM,122.2338
828,6,2024-11-12,2024,UNTER40-60,PBT_PPM,74.3429
828,6,2024-11-12,2024,OBER-0-20,PHCA,6.84
828,6,2024-11-12,2024,UNTER40-60,PHCA,6.81
828,6,2024-11-12,2024,OBER-0-20,ZNT_PPM,314.0482
828,6,2024-11-12,2024,UNTER40-60,ZNT_PPM,147.7029
829,1,1999-12-16,1999,OBER-0-20,CDT_PPM,2.91544
829,1,1999-12-16,1999,UNTER40-60,CDT_PPM,0.33179
829,1,1999-12-16,1999,OBER-0-20,CRT_PPM,48.54652
829,1,1999-12-16,1999,UNTER40-60,CRT_PPM,34.81895
829,1,1999-12-16,1999,OBER-0-20,CUT_PPM,326.68122
829,1,1999-12-16,1999,UNTER40-60,CUT_PPM,38.60582
829,1,1999-12-16,1999,OBER-0-20,Hg_AMA_PPM,1.4766
829,1,1999-12-16,1999,OBER-0-20,HGT_PPM,1.229
829,1,1999-12-16,1999,UNTER40-60,HGT_PPM,0.19725
829,1,1999-12-16,1999,OBER-0-20,NIT_PPM,36.58068
829,1,1999-12-16,1999,UNTER40-60,NIT_PPM,41.38365
829,1,1999-12-16,1999,OBER-0-20,ORG_SUB,9.16
829,1,1999-12-16,1999,UNTER40-60,ORG_SUB,2.6
829,1,1999-12-16,1999,OBER-0-20,PBT_PPM,237.37927
829,1,1999-12-16,1999,UNTER40-60,PBT_PPM,43.35269
829,1,1999-12-16,1999,OBER-0-20,PHCA,6.835
829,1,1999-12-16,1999,UNTER40-60,PHCA,6.93
829,1,1999-12-16,1999,OBER-0-20,ZNT_PPM,525.20465
829,1,1999-12-16,1999,UNTER40-60,ZNT_PPM,98.60519
829,2,2004-11-18,2004,OBER-0-20,CDT_PPM,2.79
829,2,2004-11-18,2004,UNTER40-60,CDT_PPM,0.92
829,2,2004-11-18,2004,OBER-0-20,CRT_PPM,50.2
829,2,2004-11-18,2004,UNTER40-60,CRT_PPM,36.8
829,2,2004-11-18,2004,OBER-0-20,CUT_PPM,350.7
829,2,2004-11-18,2004,UNTER40-60,CUT_PPM,52.4
829,2,2004-11-18,2004,OBER-0-20,Hg_AMA_PPM,1.3575
829,2,2004-11-18,2004,OBER-0-20,HGT_PPM,1.14255
829,2,2004-11-18,2004,UNTER40-60,HGT_PPM,0.4004
829,2,2004-11-18,2004,OBER-0-20,NIT_PPM,35.8
829,2,2004-11-18,2004,UNTER40-60,NIT_PPM,40.9
829,2,2004-11-18,2004,OBER-0-20,ORG_SUB,11.67273
829,2,2004-11-18,2004,OBER-0-20,PBT_PPM,228
829,2,2004-11-18,2004,UNTER40-60,PBT_PPM,79.6
829,2,2004-11-18,2004,OBER-0-20,ZNT_PPM,496.1
829,2,2004-11-18,2004,UNTER40-60,ZNT_PPM,155.5
829,3,2009-10-22,2009,OBER-0-20,CDT_PPM,2.57
829,3,2009-10-22,2009,UNTER40-60,CDT_PPM,0.434
829,3,2009-10-22,2009,OBER-0-20,CRT_PPM,45.1
829,3,2009-10-22,2009,UNTER40-60,CRT_PPM,34.5
829,3,2009-10-22,2009,OBER-0-20,CUT_PPM,216
829,3,2009-10-22,2009,UNTER40-60,CUT_PPM,131
829,3,2009-10-22,2009,OBER-0-20,Hg_AMA_PPM,1.4881
829,3,2009-10-22,2009,OBER-0-20,HGT_PPM,1.22
829,3,2009-10-22,2009,UNTER40-60,HGT_PPM,0.18
829,3,2009-10-22,2009,OBER-0-20,NIT_PPM,33.3
829,3,2009-10-22,2009,UNTER40-60,NIT_PPM,42.7
829,3,2009-10-22,2009,OBER-0-20,ORG_SUB,13.53435
829,3,2009-10-22,2009,UNTER40-60,ORG_SUB,2.376877
829,3,2009-10-22,2009,OBER-0-20,PBT_PPM,217.5
829,3,2009-10-22,2009,UNTER40-60,PBT_PPM,37.2
829,3,2009-10-22,2009,OBER-0-20,PHCA,6.77
829,3,2009-10-22,2009,UNTER40-60,PHCA,6.87
829,3,2009-10-22,2009,OBER-0-20,ZNT_PPM,483.8
829,3,2009-10-22,2009,UNTER40-60,ZNT_PPM,96.6
829,4,2014-12-26,2014,OBER-0-20,CDT_PPM,2.51
829,4,2014-12-26,2014,OBER-0-20,CUT_PPM,184
829,4,2014-12-26,2014,OBER-0-20,Hg_AMA_PPM,1.2743
829,4,2014-12-26,2014,UNTER40-60,Hg_AMA_PPM,0.3888
829,4,2014-12-26,2014,OBER-0-20,HGT_PPM,1.16
829,4,2014-12-26,2014,OBER-0-20,NIT_PPM,33.4
829,4,2014-12-26,2014,OBER-0-20,ORG_SUB,11.04552
829,4,2014-12-26,2014,UNTER40-60,ORG_SUB,2.54955
829,4,2014-12-26,2014,OBER-0-20,PBT_PPM,209
829,4,2014-12-26,2014,OBER-0-20,PHCA,6.79
829,4,2014-12-26,2014,UNTER40-60,PHCA,6.81
829,4,2014-12-26,2014,OBER-0-20,ZNT_PPM,475
829,5,2019-11-13,2019,OBER-0-20,CDT_PPM,2.28
829,5,2019-11-13,2019,UNTER40-60,CDT_PPM,0.704
829,5,2019-11-13,2019,OBER-0-20,CUT_PPM,169
829,5,2019-11-13,2019,UNTER40-60,CUT_PPM,55.9
829,5,2019-11-13,2019,OBER-0-20,Hg_AMA_PPM,1.1504
829,5,2019-11-13,2019,UNTER40-60,Hg_AMA_PPM,0.562
829,5,2019-11-13,2019,OBER-0-20,HGT_PPM,1.16
829,5,2019-11-13,2019,OBER-0-20,NIT_PPM,29.8
829,5,2019-11-13,2019,UNTER40-60,NIT_PPM,35.9
829,5,2019-11-13,2019,OBER-0-20,ORG_SUB,11.825392
829,5,2019-11-13,2019,UNTER40-60,ORG_SUB,2.821065
829,5,2019-11-13,2019,OBER-0-20,PBT_PPM,196
829,5,2019-11-13,2019,UNTER40-60,PBT_PPM,67
829,5,2019-11-13,2019,OBER-0-20,PHCA,6.79
829,5,2019-11-13,2019,UNTER40-60,PHCA,6.86
829,5,2019-11-13,2019,OBER-0-20,ZNT_PPM,442
829,5,2019-11-13,2019,UNTER40-60,ZNT_PPM,145
829,6,2024-11-12,2024,OBER-0-20,CDT_PPM,2.415
829,6,2024-11-12,2024,UNTER40-60,CDT_PPM,0.6951
829,6,2024-11-12,2024,OBER-0-20,CRT_PPM,42.2811
829,6,2024-11-12,2024,UNTER40-60,CRT_PPM,32.9826
829,6,2024-11-12,2024,OBER-0-20,CUT_PPM,184.8524
829,6,2024-11-12,2024,UNTER40-60,CUT_PPM,52.5118
829,6,2024-11-12,2024,OBER-0-20,Hg_AMA_PPM,1.12128
829,6,2024-11-12,2024,UNTER40-60,Hg_AMA_PPM,0.38673
829,6,2024-11-12,2024,OBER-0-20,HGT_PPM,1.1663
829,6,2024-11-12,2024,UNTER40-60,HGT_PPM,0.3775
829,6,2024-11-12,2024,OBER-0-20,NIT_PPM,32.4905
829,6,2024-11-12,2024,UNTER40-60,NIT_PPM,41.1453
829,6,2024-11-12,2024,OBER-0-20,ORG_SUB,9.144225
829,6,2024-11-12,2024,UNTER40-60,ORG_SUB,2.540925
829,6,2024-11-12,2024,OBER-0-20,PBT_PPM,765.4357
829,6,2024-11-12,2024,UNTER40-60,PBT_PPM,63.6082
829,6,2024-11-12,2024,OBER-0-20,PHCA,6.76
829,6,2024-11-12,2024,UNTER40-60,PHCA,6.83
829,6,2024-11-12,2024,OBER-0-20,ZNT_PPM,462.3463
829,6,2024-11-12,2024,UNTER40-60,ZNT_PPM,136.0731
830,1,1999-12-16,1999,OBER-0-20,CDT_PPM,1.724
830,1,1999-12-16,1999,UNTER40-60,CDT_PPM,0.58265
830,1,1999-12-16,1999,OBER-0-20,CRT_PPM,75.48022
830,1,1999-12-16,1999,UNTER40-60,CRT_PPM,27.48644
830,1,1999-12-16,1999,OBER-0-20,CUT_PPM,88.81468
830,1,1999-12-16,1999,UNTER40-60,CUT_PPM,37.31509
830,1,1999-12-16,1999,OBER-0-20,Hg_AMA_PPM,1.0192
830,1,1999-12-16,1999,OBER-0-20,HGT_PPM,0.8948
830,1,1999-12-16,1999,UNTER40-60,HGT_PPM,0.37004
830,1,1999-12-16,1999,OBER-0-20,NIT_PPM,30.58878
830,1,1999-12-16,1999,UNTER40-60,NIT_PPM,30.06654
830,1,1999-12-16,1999,OBER-0-20,ORG_SUB,9.865
830,1,1999-12-16,1999,UNTER40-60,ORG_SUB,2.79
830,1,1999-12-16,1999,OBER-0-20,PBT_PPM,155.68199
830,1,1999-12-16,1999,UNTER40-60,PBT_PPM,50.91414
830,1,1999-12-16,1999,OBER-0-20,PHCA,6.83
830,1,1999-12-16,1999,UNTER40-60,PHCA,7.16
830,1,1999-12-16,1999,OBER-0-20,ZNT_PPM,402.23424
830,1,1999-12-16,1999,UNTER40-60,ZNT_PPM,126.25863
830,2,2004-11-18,2004,OBER-0-20,CDT_PPM,1.733
830,2,2004-11-18,2004,UNTER40-60,CDT_PPM,1.057
830,2,2004-11-18,2004,OBER-0-20,CRT_PPM,77.6
830,2,2004-11-18,2004,UNTER40-60,CRT_PPM,36.9
830,2,2004-11-18,2004,OBER-0-20,CUT_PPM,97.1
830,2,2004-11-18,2004,UNTER40-60,CUT_PPM,55.8
830,2,2004-11-18,2004,OBER-0-20,Hg_AMA_PPM,1.011
830,2,2004-11-18,2004,OBER-0-20,HGT_PPM,0.861
830,2,2004-11-18,2004,UNTER40-60,HGT_PPM,0.5884
830,2,2004-11-18,2004,OBER-0-20,NIT_PPM,29.2
830,2,2004-11-18,2004,UNTER40-60,NIT_PPM,30.5
830,2,2004-11-18,2004,OBER-0-20,ORG_SUB,12.200925
830,2,2004-11-18,2004,OBER-0-20,PBT_PPM,157
830,2,2004-11-18,2004,UNTER40-60,PBT_PPM,81.2
830,2,2004-11-18,2004,OBER-0-20,ZNT_PPM,405.8
830,2,2004-11-18,2004,UNTER40-60,ZNT_PPM,218.3
830,3,2009-10-22,2009,OBER-0-20,CDT_PPM,1.55
830,3,2009-10-22,2009,UNTER40-60,CDT_PPM,1.05
830,3,2009-10-22,2009,OBER-0-20,CRT_PPM,76.2
830,3,2009-10-22,2009,UNTER40-60,CRT_PPM,39.9
830,3,2009-10-22,2009,OBER-0-20,CUT_PPM,92.8
830,3,2009-10-22,2009,UNTER40-60,CUT_PPM,57.9
830,3,2009-10-22,2009,OBER-0-20,Hg_AMA_PPM,0.9521
830,3,2009-10-22,2009,OBER-0-20,HGT_PPM,0.87
830,3,2009-10-22,2009,UNTER40-60,HGT_PPM,0.61
830,3,2009-10-22,2009,OBER-0-20,NIT_PPM,29
830,3,2009-10-22,2009,UNTER40-60,NIT_PPM,29.4
830,3,2009-10-22,2009,OBER-0-20,ORG_SUB,11.538697
830,3,2009-10-22,2009,UNTER40-60,ORG_SUB,5.80566
830,3,2009-10-22,2009,OBER-0-20,PBT_PPM,139.3
830,3,2009-10-22,2009,UNTER40-60,PBT_PPM,88.9
830,3,2009-10-22,2009,OBER-0-20,PHCA,6.86
830,3,2009-10-22,2009,UNTER40-60,PHCA,6.87
830,3,2009-10-22,2009,OBER-0-20,ZNT_PPM,400.1
830,3,2009-10-22,2009,UNTER40-60,ZNT_PPM,230.7
830,4,2014-12-26,2014,OBER-0-20,CDT_PPM,1.57
830,4,2014-12-26,2014,OBER-0-20,CUT_PPM,93.2
830,4,2014-12-26,2014,OBER-0-20,Hg_AMA_PPM,0.9
830,4,2014-12-26,2014,OBER-0-20,HGT_PPM,0.76
830,4,2014-12-26,2014,OBER-0-20,NIT_PPM,27.6
830,4,2014-12-26,2014,OBER-0-20,ORG_SUB,9.578752
830,4,2014-12-26,2014,OBER-0-20,PBT_PPM,144
830,4,2014-12-26,2014,OBER-0-20,PHCA,6.73
830,4,2014-12-26,2014,OBER-0-20,ZNT_PPM,417
830,5,2019-11-26,2019,OBER-0-20,CDT_PPM,1.54
830,5,2019-11-26,2019,UNTER40-60,CDT_PPM,0.548
830,5,2019-11-26,2019,OBER-0-20,CUT_PPM,97.8
830,5,2019-11-26,2019,UNTER40-60,CUT_PPM,35.3
830,5,2019-11-26,2019,OBER-0-20,Hg_AMA_PPM,0.8221
830,5,2019-11-26,2019,UNTER40-60,Hg_AMA_PPM,0.3469
830,5,2019-11-26,2019,OBER-0-20,HGT_PPM,0.85
830,5,2019-11-26,2019,OBER-0-20,NIT_PPM,27.1
830,5,2019-11-26,2019,UNTER40-60,NIT_PPM,26.8
830,5,2019-11-26,2019,OBER-0-20,ORG_SUB,10.140067
830,5,2019-11-26,2019,UNTER40-60,ORG_SUB,2.872125
830,5,2019-11-26,2019,OBER-0-20,PBT_PPM,157
830,5,2019-11-26,2019,UNTER40-60,PBT_PPM,49.6
830,5,2019-11-26,2019,OBER-0-20,PHCA,6.86
830,5,2019-11-26,2019,UNTER40-60,PHCA,7.14
830,5,2019-11-26,2019,OBER-0-20,ZNT_PPM,391
830,5,2019-11-26,2019,UNTER40-60,ZNT_PPM,127
830,6,2024-11-12,2024,OBER-0-20,CDT_PPM,1.541
830,6,2024-11-12,2024,UNTER40-60,CDT_PPM,1.15
830,6,2024-11-12,2024,OBER-0-20,CRT_PPM,59.6659
830,6,2024-11-12,2024,UNTER40-60,CRT_PPM,42.1736
830,6,2024-11-12,2024,OBER-0-20,CUT_PPM,110.265
830,6,2024-11-12,2024,UNTER40-60,CUT_PPM,63.0909
830,6,2024-11-12,2024,OBER-0-20,Hg_AMA_PPM,0.846356
830,6,2024-11-12,2024,UNTER40-60,Hg_AMA_PPM,0.671658
830,6,2024-11-12,2024,OBER-0-20,HGT_PPM,0.8142
830,6,2024-11-12,2024,UNTER40-60,HGT_PPM,0.6554
830,6,2024-11-12,2024,OBER-0-20,NIT_PPM,41.7209
830,6,2024-11-12,2024,UNTER40-60,NIT_PPM,31.0509
830,6,2024-11-12,2024,OBER-0-20,ORG_SUB,10.0395
830,6,2024-11-12,2024,UNTER40-60,ORG_SUB,4.283175
830,6,2024-11-12,2024,OBER-0-20,PBT_PPM,147.3944
830,6,2024-11-12,2024,UNTER40-60,PBT_PPM,90.2384
830,6,2024-11-12,2024,OBER-0-20,PHCA,6.78
830,6,2024-11-12,2024,UNTER40-60,PHCA,6.86
830,6,2024-11-12,2024,OBER-0-20,ZNT_PPM,392.1846
830,6,2024-11-12,2024,UNTER40-60,ZNT_PPM,254.953
831,1,1999-12-16,1999,OBER-0-20,CDT_PPM,1.038
831,1,1999-12-16,1999,UNTER40-60,CDT_PPM,0.2458
831,1,1999-12-16,1999,OBER-0-20,CRT_PPM,41
831,1,1999-12-16,1999,UNTER40-60,CRT_PPM,37.27048
831,1,1999-12-16,1999,OBER-0-20,CUT_PPM,116.2
831,1,1999-12-16,1999,UNTER40-60,CUT_PPM,32.0635
831,1,1999-12-16,1999,OBER-0-20,Hg_AMA_PPM,1.2947
831,1,1999-12-16,1999,OBER-0-20,HGT_PPM,0.8315
831,1,1999-12-16,1999,UNTER40-60,HGT_PPM,0.14468
831,1,1999-12-16,1999,OBER-0-20,NIT_PPM,32.7
831,1,1999-12-16,1999,UNTER40-60,NIT_PPM,45.13293
831,1,1999-12-16,1999,OBER-0-20,ORG_SUB,11.085
831,1,1999-12-16,1999,UNTER40-60,ORG_SUB,2.12
831,1,1999-12-16,1999,OBER-0-20,PBT_PPM,150.19435
831,1,1999-12-16,1999,UNTER40-60,PBT_PPM,38.7492
831,1,1999-12-16,1999,OBER-0-20,PHCA,6.885
831,1,1999-12-16,1999,UNTER40-60,PHCA,6.83
831,1,1999-12-16,1999,OBER-0-20,ZNT_PPM,289.6
831,1,1999-12-16,1999,UNTER40-60,ZNT_PPM,81.7491
831,2,2004-12-09,2004,OBER-0-20,CDT_PPM,1.038
831,2,2004-12-09,2004,UNTER40-60,CDT_PPM,0.491
831,2,2004-12-09,2004,OBER-0-20,CRT_PPM,41
831,2,2004-12-09,2004,UNTER40-60,CRT_PPM,40.5
831,2,2004-12-09,2004,OBER-0-20,CUT_PPM,115.5
831,2,2004-12-09,2004,UNTER40-60,CUT_PPM,55.2
831,2,2004-12-09,2004,OBER-0-20,Hg_AMA_PPM,1.1886
831,2,2004-12-09,2004,OBER-0-20,HGT_PPM,0.832
831,2,2004-12-09,2004,UNTER40-60,HGT_PPM,0.4248
831,2,2004-12-09,2004,OBER-0-20,NIT_PPM,33.1
831,2,2004-12-09,2004,UNTER40-60,NIT_PPM,41.6
831,2,2004-12-09,2004,OBER-0-20,ORG_SUB,11.361885
831,2,2004-12-09,2004,OBER-0-20,PBT_PPM,148
831,2,2004-12-09,2004,UNTER40-60,PBT_PPM,76
831,2,2004-12-09,2004,OBER-0-20,ZNT_PPM,305
831,2,2004-12-09,2004,UNTER40-60,ZNT_PPM,147.3
831,3,2009-10-22,2009,OBER-0-20,CDT_PPM,1.07
831,3,2009-10-22,2009,UNTER40-60,CDT_PPM,0.347
831,3,2009-10-22,2009,OBER-0-20,CRT_PPM,40.4
831,3,2009-10-22,2009,UNTER40-60,CRT_PPM,38
831,3,2009-10-22,2009,OBER-0-20,CUT_PPM,133
831,3,2009-10-22,2009,UNTER40-60,CUT_PPM,52.9
831,3,2009-10-22,2009,OBER-0-20,Hg_AMA_PPM,1.24
831,3,2009-10-22,2009,OBER-0-20,HGT_PPM,0.9
831,3,2009-10-22,2009,UNTER40-60,HGT_PPM,0.28
831,3,2009-10-22,2009,OBER-0-20,NIT_PPM,32.8
831,3,2009-10-22,2009,UNTER40-60,NIT_PPM,41.6
831,3,2009-10-22,2009,OBER-0-20,ORG_SUB,12.45036
831,3,2009-10-22,2009,UNTER40-60,ORG_SUB,3.267495
831,3,2009-10-22,2009,OBER-0-20,PBT_PPM,134.7
831,3,2009-10-22,2009,UNTER40-60,PBT_PPM,51
831,3,2009-10-22,2009,OBER-0-20,PHCA,6.87
831,3,2009-10-22,2009,UNTER40-60,PHCA,6.93
831,3,2009-10-22,2009,OBER-0-20,ZNT_PPM,315.4
831,3,2009-10-22,2009,UNTER40-60,ZNT_PPM,115.1
831,4,2014-11-20,2014,OBER-0-20,CDT_PPM,0.95
831,4,2014-11-20,2014,OBER-0-20,CUT_PPM,127
831,4,2014-11-20,2014,OBER-0-20,Hg_AMA_PPM,1.5151
831,4,2014-11-20,2014,UNTER40-60,Hg_AMA_PPM,0.4089
831,4,2014-11-20,2014,OBER-0-20,HGT_PPM,0.725
831,4,2014-11-20,2014,OBER-0-20,NIT_PPM,29.1
831,4,2014-11-20,2014,OBER-0-20,ORG_SUB,13.066012
831,4,2014-11-20,2014,UNTER40-60,ORG_SUB,2.871262
831,4,2014-11-20,2014,OBER-0-20,PBT_PPM,135
831,4,2014-11-20,2014,OBER-0-20,PHCA,6.78
831,4,2014-11-20,2014,UNTER40-60,PHCA,6.7
831,4,2014-11-20,2014,OBER-0-20,ZNT_PPM,305
831,5,2019-11-20,2019,OBER-0-20,CDT_PPM,0.82
831,5,2019-11-20,2019,UNTER40-60,CDT_PPM,0.386
831,5,2019-11-20,2019,OBER-0-20,CUT_PPM,125
831,5,2019-11-20,2019,UNTER40-60,CUT_PPM,43.4
831,5,2019-11-20,2019,OBER-0-20,Hg_AMA_PPM,1.0536
831,5,2019-11-20,2019,UNTER40-60,Hg_AMA_PPM,0.5321
831,5,2019-11-20,2019,OBER-0-20,HGT_PPM,0.86
831,5,2019-11-20,2019,OBER-0-20,NIT_PPM,26.8
831,5,2019-11-20,2019,UNTER40-60,NIT_PPM,37.9
831,5,2019-11-20,2019,OBER-0-20,ORG_SUB,11.516272
831,5,2019-11-20,2019,UNTER40-60,ORG_SUB,3.236962
831,5,2019-11-20,2019,OBER-0-20,PBT_PPM,182
831,5,2019-11-20,2019,UNTER40-60,PBT_PPM,57.8
831,5,2019-11-20,2019,OBER-0-20,PHCA,6.93
831,5,2019-11-20,2019,UNTER40-60,PHCA,6.88
831,5,2019-11-20,2019,OBER-0-20,ZNT_PPM,264
831,5,2019-11-20,2019,UNTER40-60,ZNT_PPM,109
831,6,2024-12-03,2024,OBER-0-20,CDT_PPM,0.9436
831,6,2024-12-03,2024,UNTER40-60,CDT_PPM,0.5138
831,6,2024-12-03,2024,OBER-0-20,CRT_PPM,37.7813
831,6,2024-12-03,2024,UNTER40-60,CRT_PPM,38.3596
831,6,2024-12-03,2024,OBER-0-20,CUT_PPM,203.4358
831,6,2024-12-03,2024,UNTER40-60,CUT_PPM,66.2378
831,6,2024-12-03,2024,OBER-0-20,Hg_AMA_PPM,0.967033
831,6,2024-12-03,2024,UNTER40-60,Hg_AMA_PPM,0.749655
831,6,2024-12-03,2024,OBER-0-20,HGT_PPM,0.7408
831,6,2024-12-03,2024,UNTER40-60,HGT_PPM,0.5186
831,6,2024-12-03,2024,OBER-0-20,NIT_PPM,30.2182
831,6,2024-12-03,2024,UNTER40-60,NIT_PPM,40.0671
831,6,2024-12-03,2024,OBER-0-20,ORG_SUB,11.18145
831,6,2024-12-03,2024,UNTER40-60,ORG_SUB,4.517775
831,6,2024-12-03,2024,OBER-0-20,PBT_PPM,136.0477
831,6,2024-12-03,2024,UNTER40-60,PBT_PPM,82.4228
831,6,2024-12-03,2024,OBER-0-20,PHCA,6.9
831,6,2024-12-03,2024,UNTER40-60,PHCA,6.83
831,6,2024-12-03,2024,OBER-0-20,ZNT_PPM,312.1056
831,6,2024-12-03,2024,UNTER40-60,ZNT_PPM,151.7421
832,1,1999-12-16,1999,OBER-0-20,CDT_PPM,1
832,1,1999-12-16,1999,UNTER40-60,CDT_PPM,0.24026
832,1,1999-12-16,1999,OBER-0-20,CRT_PPM,47.1
832,1,1999-12-16,1999,UNTER40-60,CRT_PPM,39.23866
832,1,1999-12-16,1999,OBER-0-20,CUT_PPM,106.21163
832,1,1999-12-16,1999,UNTER40-60,CUT_PPM,35.27346
832,1,1999-12-16,1999,OBER-0-20,Hg_AMA_PPM,1.3065
832,1,1999-12-16,1999,UNTER40-60,Hg_AMA_PPM,0.375
832,1,1999-12-16,1999,OBER-0-20,HGT_PPM,0.9326
832,1,1999-12-16,1999,UNTER40-60,HGT_PPM,0.17242
832,1,1999-12-16,1999,OBER-0-20,NIT_PPM,37.3
832,1,1999-12-16,1999,UNTER40-60,NIT_PPM,45.79909
832,1,1999-12-16,1999,OBER-0-20,ORG_SUB,9.084022
832,1,1999-12-16,1999,UNTER40-60,ORG_SUB,2.8717800000000002
832,1,1999-12-16,1999,OBER-0-20,PBT_PPM,224.56776
832,1,1999-12-16,1999,UNTER40-60,PBT_PPM,46.04529
832,1,1999-12-16,1999,OBER-0-20,PHCA,6.6
832,1,1999-12-16,1999,UNTER40-60,PHCA,6.81
832,1,1999-12-16,1999,OBER-0-20,ZNT_PPM,254.56047
832,1,1999-12-16,1999,UNTER40-60,ZNT_PPM,96.02701
832,2,2004-11-25,2004,OBER-0-20,CDT_PPM,0.99
832,2,2004-11-25,2004,UNTER40-60,CDT_PPM,0.439
832,2,2004-11-25,2004,OBER-0-20,CRT_PPM,44
832,2,2004-11-25,2004,UNTER40-60,CRT_PPM,38.9
832,2,2004-11-25,2004,OBER-0-20,CUT_PPM,91.9
832,2,2004-11-25,2004,UNTER40-60,CUT_PPM,46.7
832,2,2004-11-25,2004,OBER-0-20,Hg_AMA_PPM,1.4321
832,2,2004-11-25,2004,UNTER40-60,Hg_AMA_PPM,0.9128
832,2,2004-11-25,2004,OBER-0-20,HGT_PPM,0.79398
832,2,2004-11-25,2004,UNTER40-60,HGT_PPM,0.33192
832,2,2004-11-25,2004,OBER-0-20,NIT_PPM,35.7
832,2,2004-11-25,2004,UNTER40-60,NIT_PPM,41.1
832,2,2004-11-25,2004,OBER-0-20,ORG_SUB,9.936345
832,2,2004-11-25,2004,UNTER40-60,ORG_SUB,4.0848
832,2,2004-11-25,2004,OBER-0-20,PBT_PPM,162
832,2,2004-11-25,2004,UNTER40-60,PBT_PPM,70.1
832,2,2004-11-25,2004,OBER-0-20,PHCA,6.55
832,2,2004-11-25,2004,UNTER40-60,PHCA,6.72
832,2,2004-11-25,2004,OBER-0-20,ZNT_PPM,239
832,2,2004-11-25,2004,UNTER40-60,ZNT_PPM,121.5
832,3,2009-10-21,2009,OBER-0-20,CDT_PPM,0.881
832,3,2009-10-21,2009,UNTER40-60,CDT_PPM,0.377
832,3,2009-10-21,2009,OBER-0-20,CRT_PPM,43.3
832,3,2009-10-21,2009,UNTER40-60,CRT_PPM,37
832,3,2009-10-21,2009,OBER-0-20,CUT_PPM,106
832,3,2009-10-21,2009,UNTER40-60,CUT_PPM,43.4
832,3,2009-10-21,2009,OBER-0-20,Hg_AMA_PPM,1.3076
832,3,2009-10-21,2009,UNTER40-60,Hg_AMA_PPM,0.5252
832,3,2009-10-21,2009,OBER-0-20,HGT_PPM,0.87
832,3,2009-10-21,2009,UNTER40-60,HGT_PPM,0.29
832,3,2009-10-21,2009,OBER-0-20,NIT_PPM,34.6
832,3,2009-10-21,2009,UNTER40-60,NIT_PPM,41.2
832,3,2009-10-21,2009,OBER-0-20,ORG_SUB,9.78558
832,3,2009-10-21,2009,UNTER40-60,ORG_SUB,3.777405
832,3,2009-10-21,2009,OBER-0-20,PBT_PPM,142.9
832,3,2009-10-21,2009,UNTER40-60,PBT_PPM,53.1
832,3,2009-10-21,2009,OBER-0-20,PHCA,6.66
832,3,2009-10-21,2009,UNTER40-60,PHCA,6.84
832,3,2009-10-21,2009,OBER-0-20,ZNT_PPM,240.5
832,3,2009-10-21,2009,UNTER40-60,ZNT_PPM,112.8
832,4,2014-11-27,2014,OBER-0-20,CDT_PPM,0.905
832,4,2014-11-27,2014,UNTER40-60,CDT_PPM,0.292
832,4,2014-11-27,2014,OBER-0-20,CUT_PPM,103
832,4,2014-11-27,2014,UNTER40-60,CUT_PPM,30.2
832,4,2014-11-27,2014,OBER-0-20,Hg_AMA_PPM,1.3915
832,4,2014-11-27,2014,UNTER40-60,Hg_AMA_PPM,0.2414
832,4,2014-11-27,2014,OBER-0-20,HGT_PPM,0.85
832,4,2014-11-27,2014,UNTER40-60,HGT_PPM,0.16
832,4,2014-11-27,2014,OBER-0-20,NIT_PPM,35.2
832,4,2014-11-27,2014,OBER-0-20,ORG_SUB,9.423847
832,4,2014-11-27,2014,UNTER40-60,ORG_SUB,2.46054
832,4,2014-11-27,2014,OBER-0-20,PBT_PPM,166
832,4,2014-11-27,2014,UNTER40-60,PBT_PPM,39.1
832,4,2014-11-27,2014,OBER-0-20,PHCA,6.57
832,4,2014-11-27,2014,UNTER40-60,PHCA,6.62
832,4,2014-11-27,2014,OBER-0-20,ZNT_PPM,253
832,4,2014-11-27,2014,UNTER40-60,ZNT_PPM,87.6
832,5,2019-11-26,2019,OBER-0-20,CDT_PPM,0.837
832,5,2019-11-26,2019,UNTER40-60,CDT_PPM,0.339
832,5,2019-11-26,2019,OBER-0-20,CUT_PPM,98.2
832,5,2019-11-26,2019,UNTER40-60,CUT_PPM,36.5
832,5,2019-11-26,2019,OBER-0-20,Hg_AMA_PPM,1.2538
832,5,2019-11-26,2019,UNTER40-60,Hg_AMA_PPM,0.3534
832,5,2019-11-26,2019,OBER-0-20,HGT_PPM,0.88
832,5,2019-11-26,2019,OBER-0-20,NIT_PPM,31.9
832,5,2019-11-26,2019,UNTER40-60,NIT_PPM,37
832,5,2019-11-26,2019,OBER-0-20,ORG_SUB,9.782475
832,5,2019-11-26,2019,UNTER40-60,ORG_SUB,2.9532
832,5,2019-11-26,2019,OBER-0-20,PBT_PPM,196
832,5,2019-11-26,2019,UNTER40-60,PBT_PPM,59.4
832,5,2019-11-26,2019,OBER-0-20,PHCA,6.51
832,5,2019-11-26,2019,UNTER40-60,PHCA,6.82
832,5,2019-11-26,2019,OBER-0-20,ZNT_PPM,235
832,5,2019-11-26,2019,UNTER40-60,ZNT_PPM,98.6
832,6,2024-12-12,2024,OBER-0-20,CDT_PPM,0.8585
832,6,2024-12-12,2024,UNTER40-60,CDT_PPM,0.2417
832,6,2024-12-12,2024,OBER-0-20,CRT_PPM,39.8302
832,6,2024-12-12,2024,UNTER40-60,CRT_PPM,36.676
832,6,2024-12-12,2024,OBER-0-20,CUT_PPM,109.8231
832,6,2024-12-12,2024,UNTER40-60,CUT_PPM,28.6389
832,6,2024-12-12,2024,OBER-0-20,Hg_AMA_PPM,1.212421
832,6,2024-12-12,2024,UNTER40-60,Hg_AMA_PPM,0.145807
832,6,2024-12-12,2024,OBER-0-20,HGT_PPM,0.8548
832,6,2024-12-12,2024,UNTER40-60,HGT_PPM,0.1326
832,6,2024-12-12,2024,OBER-0-20,NIT_PPM,34.631
832,6,2024-12-12,2024,UNTER40-60,NIT_PPM,44.9621
832,6,2024-12-12,2024,OBER-0-20,ORG_SUB,9.87045
832,6,2024-12-12,2024,UNTER40-60,ORG_SUB,2.264925
832,6,2024-12-12,2024,OBER-0-20,PBT_PPM,178
832,6,2024-12-12,2024,UNTER40-60,PBT_PPM,30.6526
832,6,2024-12-12,2024,OBER-0-20,PHCA,6.65
832,6,2024-12-12,2024,UNTER40-60,PHCA,6.82
832,6,2024-12-12,2024,OBER-0-20,ZNT_PPM,243.1264
832,6,2024-12-12,2024,UNTER40-60,ZNT_PPM,77.0169
833,1,1999-12-16,1999,OBER-0-20,CDT_PPM,1.486
833,1,1999-12-16,1999,UNTER40-60,CDT_PPM,0.2564
833,1,1999-12-16,1999,OBER-0-20,CRT_PPM,48.7
833,1,1999-12-16,1999,UNTER40-60,CRT_PPM,40.17702
833,1,1999-12-16,1999,OBER-0-20,CUT_PPM,113.6
833,1,1999-12-16,1999,UNTER40-60,CUT_PPM,36.19148
833,1,1999-12-16,1999,OBER-0-20,Hg_AMA_PPM,2.5707
833,1,1999-12-16,1999,OBER-0-20,HGT_PPM,1.0255
833,1,1999-12-16,1999,UNTER40-60,HGT_PPM,0.16138
833,1,1999-12-16,1999,OBER-0-20,NIT_PPM,38.8
833,1,1999-12-16,1999,UNTER40-60,NIT_PPM,47.0898
833,1,1999-12-16,1999,OBER-0-20,ORG_SUB,7.805
833,1,1999-12-16,1999,UNTER40-60,ORG_SUB,2.83
833,1,1999-12-16,1999,OBER-0-20,PBT_PPM,257
833,1,1999-12-16,1999,UNTER40-60,PBT_PPM,89.27268
833,1,1999-12-16,1999,OBER-0-20,PHCA,7.02
833,1,1999-12-16,1999,UNTER40-60,PHCA,7.01
833,1,1999-12-16,1999,OBER-0-20,ZNT_PPM,410.5
833,1,1999-12-16,1999,UNTER40-60,ZNT_PPM,97.41888
833,2,2004-11-25,2004,OBER-0-20,CDT_PPM,1.365
833,2,2004-11-25,2004,UNTER40-60,CDT_PPM,0.518
833,2,2004-11-25,2004,OBER-0-20,CRT_PPM,47.2
833,2,2004-11-25,2004,UNTER40-60,CRT_PPM,41.5
833,2,2004-11-25,2004,OBER-0-20,CUT_PPM,119.1
833,2,2004-11-25,2004,UNTER40-60,CUT_PPM,55.3
833,2,2004-11-25,2004,OBER-0-20,Hg_AMA_PPM,1.8059
833,2,2004-11-25,2004,OBER-0-20,HGT_PPM,1.0255
833,2,2004-11-25,2004,UNTER40-60,HGT_PPM,0.383272
833,2,2004-11-25,2004,OBER-0-20,NIT_PPM,38.4
833,2,2004-11-25,2004,UNTER40-60,NIT_PPM,44.5
833,2,2004-11-25,2004,OBER-0-20,ORG_SUB,9.882352
833,2,2004-11-25,2004,OBER-0-20,PBT_PPM,288
833,2,2004-11-25,2004,UNTER40-60,PBT_PPM,86.3
833,2,2004-11-25,2004,OBER-0-20,ZNT_PPM,427.5
833,2,2004-11-25,2004,UNTER40-60,ZNT_PPM,167.9
833,3,2009-10-21,2009,OBER-0-20,CDT_PPM,1.35
833,3,2009-10-21,2009,UNTER40-60,CDT_PPM,0.38
833,3,2009-10-21,2009,OBER-0-20,CRT_PPM,47.1
833,3,2009-10-21,2009,UNTER40-60,CRT_PPM,37.8
833,3,2009-10-21,2009,OBER-0-20,CUT_PPM,186
833,3,2009-10-21,2009,UNTER40-60,CUT_PPM,42.7
833,3,2009-10-21,2009,OBER-0-20,Hg_AMA_PPM,1.6364
833,3,2009-10-21,2009,OBER-0-20,HGT_PPM,1.03
833,3,2009-10-21,2009,UNTER40-60,HGT_PPM,0.27
833,3,2009-10-21,2009,OBER-0-20,NIT_PPM,36.8
833,3,2009-10-21,2009,UNTER40-60,NIT_PPM,43.4
833,3,2009-10-21,2009,OBER-0-20,ORG_SUB,10.353277
833,3,2009-10-21,2009,UNTER40-60,ORG_SUB,3.449482
833,3,2009-10-21,2009,OBER-0-20,PBT_PPM,245.9
833,3,2009-10-21,2009,UNTER40-60,PBT_PPM,57.6
833,3,2009-10-21,2009,OBER-0-20,PHCA,6.97
833,3,2009-10-21,2009,UNTER40-60,PHCA,6.99
833,3,2009-10-21,2009,OBER-0-20,ZNT_PPM,400.6
833,3,2009-10-21,2009,UNTER40-60,ZNT_PPM,127.8
833,4,2014-11-27,2014,OBER-0-20,CDT_PPM,1.26
833,4,2014-11-27,2014,OBER-0-20,CUT_PPM,126
833,4,2014-11-27,2014,OBER-0-20,Hg_AMA_PPM,1.6283
833,4,2014-11-27,2014,UNTER40-60,Hg_AMA_PPM,0.3824
833,4,2014-11-27,2014,OBER-0-20,HGT_PPM,1
833,4,2014-11-27,2014,OBER-0-20,NIT_PPM,36
833,4,2014-11-27,2014,OBER-0-20,ORG_SUB,10.699657
833,4,2014-11-27,2014,UNTER40-60,ORG_SUB,3.224715
833,4,2014-11-27,2014,OBER-0-20,PBT_PPM,238
833,4,2014-11-27,2014,OBER-0-20,PHCA,6.93
833,4,2014-11-27,2014,UNTER40-60,PHCA,6.9
833,4,2014-11-27,2014,OBER-0-20,ZNT_PPM,398.5
833,5,2019-11-26,2019,OBER-0-20,CDT_PPM,1.11
833,5,2019-11-26,2019,UNTER40-60,CDT_PPM,0.369
833,5,2019-11-26,2019,OBER-0-20,CUT_PPM,116
833,5,2019-11-26,2019,UNTER40-60,CUT_PPM,39
833,5,2019-11-26,2019,OBER-0-20,Hg_AMA_PPM,1.3255
833,5,2019-11-26,2019,UNTER40-60,Hg_AMA_PPM,0.4382
833,5,2019-11-26,2019,OBER-0-20,HGT_PPM,0.94
833,5,2019-11-26,2019,OBER-0-20,NIT_PPM,31.4
833,5,2019-11-26,2019,UNTER40-60,NIT_PPM,38.4
833,5,2019-11-26,2019,OBER-0-20,ORG_SUB,10.406752
833,5,2019-11-26,2019,UNTER40-60,ORG_SUB,3.2499
833,5,2019-11-26,2019,OBER-0-20,PBT_PPM,300
833,5,2019-11-26,2019,UNTER40-60,PBT_PPM,59.9
833,5,2019-11-26,2019,OBER-0-20,PHCA,6.94
833,5,2019-11-26,2019,UNTER40-60,PHCA,6.93
833,5,2019-11-26,2019,OBER-0-20,ZNT_PPM,366
833,5,2019-11-26,2019,UNTER40-60,ZNT_PPM,113
833,6,2024-12-03,2024,OBER-0-20,CDT_PPM,1.2685
833,6,2024-12-03,2024,UNTER40-60,CDT_PPM,0.5841
833,6,2024-12-03,2024,OBER-0-20,CRT_PPM,47.0569
833,6,2024-12-03,2024,UNTER40-60,CRT_PPM,36.3803
833,6,2024-12-03,2024,OBER-0-20,CUT_PPM,179.6199
833,6,2024-12-03,2024,UNTER40-60,CUT_PPM,57.5058
833,6,2024-12-03,2024,OBER-0-20,Hg_AMA_PPM,1.484221
833,6,2024-12-03,2024,UNTER40-60,Hg_AMA_PPM,0.708704
833,6,2024-12-03,2024,OBER-0-20,HGT_PPM,1.046
833,6,2024-12-03,2024,UNTER40-60,HGT_PPM,0.4295
833,6,2024-12-03,2024,OBER-0-20,NIT_PPM,40.1044
833,6,2024-12-03,2024,UNTER40-60,NIT_PPM,43.7127
833,6,2024-12-03,2024,OBER-0-20,ORG_SUB,8.8182
833,6,2024-12-03,2024,UNTER40-60,ORG_SUB,3.793275
833,6,2024-12-03,2024,OBER-0-20,PBT_PPM,259.1419
833,6,2024-12-03,2024,UNTER40-60,PBT_PPM,98.1475
833,6,2024-12-03,2024,OBER-0-20,PHCA,7.06
833,6,2024-12-03,2024,UNTER40-60,PHCA,7.04
833,6,2024-12-03,2024,OBER-0-20,ZNT_PPM,404.4074
833,6,2024-12-03,2024,UNTER40-60,ZNT_PPM,164.1053
834,1,1999-12-16,1999,OBER-0-20,CDT_PPM,1.076
834,1,1999-12-16,1999,UNTER40-60,CDT_PPM,0.16559
834,1,1999-12-16,1999,OBER-0-20,CRT_PPM,36.8
834,1,1999-12-16,1999,UNTER40-60,CRT_PPM,32.20054
834,1,1999-12-16,1999,OBER-0-20,CUT_PPM,97.2
834,1,1999-12-16,1999,UNTER40-60,CUT_PPM,27.82287
834,1,1999-12-16,1999,OBER-0-20,Hg_AMA_PPM,0.986815
834,1,1999-12-16,1999,OBER-0-20,HGT_PPM,0.6722
834,1,1999-12-16,1999,UNTER40-60,HGT_PPM,0.07876
834,1,1999-12-16,1999,OBER-0-20,NIT_PPM,36.74156
834,1,1999-12-16,1999,UNTER40-60,NIT_PPM,39.39938
834,1,1999-12-16,1999,OBER-0-20,ORG_SUB,8.17
834,1,1999-12-16,1999,UNTER40-60,ORG_SUB,2.22
834,1,1999-12-16,1999,OBER-0-20,PBT_PPM,209
834,1,1999-12-16,1999,UNTER40-60,PBT_PPM,29.95228
834,1,1999-12-16,1999,OBER-0-20,PHCA,6.915
834,1,1999-12-16,1999,UNTER40-60,PHCA,7.43
834,1,1999-12-16,1999,OBER-0-20,ZNT_PPM,347.6
834,1,1999-12-16,1999,UNTER40-60,ZNT_PPM,78.06606
834,2,2004-12-09,2004,OBER-0-20,CDT_PPM,0.994
834,2,2004-12-09,2004,UNTER40-60,CDT_PPM,0.394
834,2,2004-12-09,2004,OBER-0-20,CRT_PPM,34.3
834,2,2004-12-09,2004,UNTER40-60,CRT_PPM,30
834,2,2004-12-09,2004,OBER-0-20,CUT_PPM,93.8
834,2,2004-12-09,2004,UNTER40-60,CUT_PPM,39.5
834,2,2004-12-09,2004,OBER-0-20,Hg_AMA_PPM,1.2579
834,2,2004-12-09,2004,OBER-0-20,HGT_PPM,0.648232
834,2,2004-12-09,2004,UNTER40-60,HGT_PPM,0.2356
834,2,2004-12-09,2004,OBER-0-20,NIT_PPM,34.3
834,2,2004-12-09,2004,UNTER40-60,NIT_PPM,36.2
834,2,2004-12-09,2004,OBER-0-20,ORG_SUB,9.4599
834,2,2004-12-09,2004,OBER-0-20,PBT_PPM,168
834,2,2004-12-09,2004,UNTER40-60,PBT_PPM,67.6
834,2,2004-12-09,2004,OBER-0-20,ZNT_PPM,339.7
834,2,2004-12-09,2004,UNTER40-60,ZNT_PPM,120.6
834,3,2009-10-21,2009,OBER-0-20,CDT_PPM,0.923
834,3,2009-10-21,2009,UNTER40-60,CDT_PPM,0.232
834,3,2009-10-21,2009,OBER-0-20,CRT_PPM,32.9
834,3,2009-10-21,2009,UNTER40-60,CRT_PPM,33.6
834,3,2009-10-21,2009,OBER-0-20,CUT_PPM,87.1
834,3,2009-10-21,2009,UNTER40-60,CUT_PPM,29.4
834,3,2009-10-21,2009,OBER-0-20,Hg_AMA_PPM,0.9721
834,3,2009-10-21,2009,OBER-0-20,HGT_PPM,0.64
834,3,2009-10-21,2009,UNTER40-60,HGT_PPM,0.12
834,3,2009-10-21,2009,OBER-0-20,NIT_PPM,33.4
834,3,2009-10-21,2009,UNTER40-60,NIT_PPM,40.6
834,3,2009-10-21,2009,OBER-0-20,ORG_SUB,9.323625
834,3,2009-10-21,2009,UNTER40-60,ORG_SUB,2.27838
834,3,2009-10-21,2009,OBER-0-20,PBT_PPM,277.9
834,3,2009-10-21,2009,UNTER40-60,PBT_PPM,35.8
834,3,2009-10-21,2009,OBER-0-20,PHCA,6.86
834,3,2009-10-21,2009,UNTER40-60,PHCA,7.22
834,3,2009-10-21,2009,OBER-0-20,ZNT_PPM,322.6
834,3,2009-10-21,2009,UNTER40-60,ZNT_PPM,90.3
834,4,2014-11-27,2014,OBER-0-20,CDT_PPM,0.9875
834,4,2014-11-27,2014,OBER-0-20,CUT_PPM,95.55
834,4,2014-11-27,2014,OBER-0-20,Hg_AMA_PPM,0.9138
834,4,2014-11-27,2014,OBER-0-20,HGT_PPM,0.65
834,4,2014-11-27,2014,OBER-0-20,NIT_PPM,37.5
834,4,2014-11-27,2014,OBER-0-20,ORG_SUB,8.5352135
834,4,2014-11-27,2014,OBER-0-20,PBT_PPM,199.5
834,4,2014-11-27,2014,OBER-0-20,PHCA,6.825
834,4,2014-11-27,2014,OBER-0-20,ZNT_PPM,342
834,5,2019-11-20,2019,OBER-0-20,CDT_PPM,0.822
834,5,2019-11-20,2019,UNTER40-60,CDT_PPM,0.249
834,5,2019-11-20,2019,OBER-0-20,CUT_PPM,78.9
834,5,2019-11-20,2019,UNTER40-60,CUT_PPM,26.3
834,5,2019-11-20,2019,OBER-0-20,Hg_AMA_PPM,0.7854
834,5,2019-11-20,2019,UNTER40-60,Hg_AMA_PPM,0.1464
834,5,2019-11-20,2019,OBER-0-20,HGT_PPM,0.67
834,5,2019-11-20,2019,OBER-0-20,NIT_PPM,29.8
834,5,2019-11-20,2019,UNTER40-60,NIT_PPM,33.7
834,5,2019-11-20,2019,OBER-0-20,ORG_SUB,8.444565
834,5,2019-11-20,2019,UNTER40-60,ORG_SUB,2.30805
834,5,2019-11-20,2019,OBER-0-20,PBT_PPM,157
834,5,2019-11-20,2019,UNTER40-60,PBT_PPM,29.5
834,5,2019-11-20,2019,OBER-0-20,PHCA,6.82
834,5,2019-11-20,2019,UNTER40-60,PHCA,7.23
834,5,2019-11-20,2019,OBER-0-20,ZNT_PPM,280
834,5,2019-11-20,2019,UNTER40-60,ZNT_PPM,76.4
834,6,2024-12-12,2024,OBER-0-20,CDT_PPM,0.7885
834,6,2024-12-12,2024,UNTER40-60,CDT_PPM,0.4379
834,6,2024-12-12,2024,OBER-0-20,CRT_PPM,27.3754
834,6,2024-12-12,2024,UNTER40-60,CRT_PPM,30.4542
834,6,2024-12-12,2024,OBER-0-20,CUT_PPM,78.5636
834,6,2024-12-12,2024,UNTER40-60,CUT_PPM,46.7992
834,6,2024-12-12,2024,OBER-0-20,Hg_AMA_PPM,0.851132
834,6,2024-12-12,2024,UNTER40-60,Hg_AMA_PPM,0.361713
834,6,2024-12-12,2024,OBER-0-20,HGT_PPM,0.5711
834,6,2024-12-12,2024,UNTER40-60,HGT_PPM,0.2824
834,6,2024-12-12,2024,OBER-0-20,NIT_PPM,28.9191
834,6,2024-12-12,2024,UNTER40-60,NIT_PPM,37.6773
834,6,2024-12-12,2024,OBER-0-20,ORG_SUB,6.6654
834,6,2024-12-12,2024,UNTER40-60,ORG_SUB,3.3741
834,6,2024-12-12,2024,OBER-0-20,PBT_PPM,234.8128
834,6,2024-12-12,2024,UNTER40-60,PBT_PPM,169.851
834,6,2024-12-12,2024,OBER-0-20,PHCA,7
834,6,2024-12-12,2024,UNTER40-60,PHCA,7.2
834,6,2024-12-12,2024,OBER-0-20,ZNT_PPM,267.2573
834,6,2024-12-12,2024,UNTER40-60,ZNT_PPM,136.4605
835,1,1999-12-16,1999,OBER-0-20,CDT_PPM,1.00694
835,1,1999-12-16,1999,UNTER40-60,CDT_PPM,0.16578
835,1,1999-12-16,1999,OBER-0-20,CRT_PPM,31.62499
835,1,1999-12-16,1999,UNTER40-60,CRT_PPM,27.36275
835,1,1999-12-16,1999,OBER-0-20,CUT_PPM,83.78629
835,1,1999-12-16,1999,UNTER40-60,CUT_PPM,24.23279
835,1,1999-12-16,1999,OBER-0-20,Hg_AMA_PPM,0.9161
835,1,1999-12-16,1999,UNTER40-60,Hg_AMA_PPM,0.10963
835,1,1999-12-16,1999,OBER-0-20,HGT_PPM,0.7392
835,1,1999-12-16,1999,UNTER40-60,HGT_PPM,0.06732
835,1,1999-12-16,1999,OBER-0-20,NIT_PPM,31.75559
835,1,1999-12-16,1999,UNTER40-60,NIT_PPM,36.17584
835,1,1999-12-16,1999,OBER-0-20,ORG_SUB,4.86
835,1,1999-12-16,1999,UNTER40-60,ORG_SUB,1.63
835,1,1999-12-16,1999,OBER-0-20,PBT_PPM,142.22786
835,1,1999-12-16,1999,UNTER40-60,PBT_PPM,25.26163
835,1,1999-12-16,1999,OBER-0-20,PHCA,7.06
835,1,1999-12-16,1999,UNTER40-60,PHCA,7.56
835,1,1999-12-16,1999,OBER-0-20,ZNT_PPM,282.07751
835,1,1999-12-16,1999,UNTER40-60,ZNT_PPM,65.33403
835,2,2004-12-09,2004,OBER-0-20,CDT_PPM,0.942
835,2,2004-12-09,2004,UNTER40-60,CDT_PPM,0.262
835,2,2004-12-09,2004,OBER-0-20,CRT_PPM,30
835,2,2004-12-09,2004,UNTER40-60,CRT_PPM,27.6
835,2,2004-12-09,2004,OBER-0-20,CUT_PPM,84.4
835,2,2004-12-09,2004,UNTER40-60,CUT_PPM,27.9
835,2,2004-12-09,2004,OBER-0-20,Hg_AMA_PPM,0.8083
835,2,2004-12-09,2004,OBER-0-20,HGT_PPM,0.5859
835,2,2004-12-09,2004,UNTER40-60,HGT_PPM,0.132804
835,2,2004-12-09,2004,OBER-0-20,NIT_PPM,30
835,2,2004-12-09,2004,UNTER40-60,NIT_PPM,33.9
835,2,2004-12-09,2004,OBER-0-20,ORG_SUB,5.808592
835,2,2004-12-09,2004,OBER-0-20,PBT_PPM,138
835,2,2004-12-09,2004,UNTER40-60,PBT_PPM,34.6
835,2,2004-12-09,2004,OBER-0-20,ZNT_PPM,278.9
835,2,2004-12-09,2004,UNTER40-60,ZNT_PPM,81.5
835,3,2009-10-21,2009,OBER-0-20,CDT_PPM,0.898
835,3,2009-10-21,2009,UNTER40-60,CDT_PPM,0.209
835,3,2009-10-21,2009,OBER-0-20,CRT_PPM,30.2
835,3,2009-10-21,2009,UNTER40-60,CRT_PPM,27.3
835,3,2009-10-21,2009,OBER-0-20,CUT_PPM,89.9
835,3,2009-10-21,2009,UNTER40-60,CUT_PPM,25.1
835,3,2009-10-21,2009,OBER-0-20,Hg_AMA_PPM,0.887
835,3,2009-10-21,2009,OBER-0-20,HGT_PPM,0.7
835,3,2009-10-21,2009,UNTER40-60,HGT_PPM,0.11
835,3,2009-10-21,2009,OBER-0-20,NIT_PPM,29.2
835,3,2009-10-21,2009,UNTER40-60,NIT_PPM,33.8
835,3,2009-10-21,2009,OBER-0-20,ORG_SUB,6.437527
835,3,2009-10-21,2009,UNTER40-60,ORG_SUB,1.91268
835,3,2009-10-21,2009,OBER-0-20,PBT_PPM,127.4
835,3,2009-10-21,2009,UNTER40-60,PBT_PPM,24.9
835,3,2009-10-21,2009,OBER-0-20,PHCA,6.985
835,3,2009-10-21,2009,UNTER40-60,PHCA,7.39
835,3,2009-10-21,2009,OBER-0-20,ZNT_PPM,287.8
835,3,2009-10-21,2009,UNTER40-60,ZNT_PPM,89.7
835,4,2014-11-27,2014,OBER-0-20,CDT_PPM,0.9195
835,4,2014-11-27,2014,OBER-0-20,CUT_PPM,99.5
835,4,2014-11-27,2014,OBER-0-20,Hg_AMA_PPM,0.8284
835,4,2014-11-27,2014,OBER-0-20,HGT_PPM,0.69
835,4,2014-11-27,2014,OBER-0-20,NIT_PPM,29
835,4,2014-11-27,2014,OBER-0-20,ORG_SUB,7.3853285
835,4,2014-11-27,2014,OBER-0-20,PBT_PPM,158
835,4,2014-11-27,2014,OBER-0-20,PHCA,6.805
835,4,2014-11-27,2014,OBER-0-20,ZNT_PPM,298
835,5,2019-11-20,2019,OBER-0-20,CDT_PPM,0.832
835,5,2019-11-20,2019,UNTER40-60,CDT_PPM,0.258
835,5,2019-11-20,2019,OBER-0-20,CUT_PPM,105
835,5,2019-11-20,2019,UNTER40-60,CUT_PPM,27.1
835,5,2019-11-20,2019,OBER-0-20,Hg_AMA_PPM,0.8018
835,5,2019-11-20,2019,UNTER40-60,Hg_AMA_PPM,0.2
835,5,2019-11-20,2019,OBER-0-20,HGT_PPM,0.63
835,5,2019-11-20,2019,OBER-0-20,NIT_PPM,27.1
835,5,2019-11-20,2019,UNTER40-60,NIT_PPM,29.2
835,5,2019-11-20,2019,OBER-0-20,ORG_SUB,7.098892
835,5,2019-11-20,2019,UNTER40-60,ORG_SUB,1.786582
835,5,2019-11-20,2019,OBER-0-20,PBT_PPM,121
835,5,2019-11-20,2019,UNTER40-60,PBT_PPM,30.8
835,5,2019-11-20,2019,OBER-0-20,PHCA,6.83
835,5,2019-11-20,2019,UNTER40-60,PHCA,7.37
835,5,2019-11-20,2019,OBER-0-20,ZNT_PPM,259
835,5,2019-11-20,2019,UNTER40-60,ZNT_PPM,75.2
835,6,2024-12-11,2024,OBER-0-20,CDT_PPM,0.9188
835,6,2024-12-11,2024,UNTER40-60,CDT_PPM,0.3388
835,6,2024-12-11,2024,OBER-0-20,CRT_PPM,30.6818
835,6,2024-12-11,2024,UNTER40-60,CRT_PPM,25.2984
835,6,2024-12-11,2024,OBER-0-20,CUT_PPM,116.4594
835,6,2024-12-11,2024,UNTER40-60,CUT_PPM,37.6772
835,6,2024-12-11,2024,OBER-0-20,Hg_AMA_PPM,0.741744
835,6,2024-12-11,2024,UNTER40-60,Hg_AMA_PPM,0.252494
835,6,2024-12-11,2024,OBER-0-20,HGT_PPM,0.6789
835,6,2024-12-11,2024,UNTER40-60,HGT_PPM,0.2343
835,6,2024-12-11,2024,OBER-0-20,NIT_PPM,36.1286
835,6,2024-12-11,2024,UNTER40-60,NIT_PPM,32.3581
835,6,2024-12-11,2024,OBER-0-20,ORG_SUB,6.3825
835,6,2024-12-11,2024,UNTER40-60,ORG_SUB,2.23215
835,6,2024-12-11,2024,OBER-0-20,PBT_PPM,130.7771
835,6,2024-12-11,2024,UNTER40-60,PBT_PPM,44.0746
835,6,2024-12-11,2024,OBER-0-20,PHCA,6.81
835,6,2024-12-11,2024,UNTER40-60,PHCA,7.31
835,6,2024-12-11,2024,OBER-0-20,ZNT_PPM,289.0455
835,6,2024-12-11,2024,UNTER40-60,ZNT_PPM,99.7877
836,1,1999-12-15,1999,OBER-0-20,CDT_PPM,2.1503
836,1,1999-12-15,1999,UNTER40-60,CDT_PPM,1.4596
836,1,1999-12-15,1999,OBER-0-20,CRT_PPM,94.77153
836,1,1999-12-15,1999,UNTER40-60,CRT_PPM,46.83817
836,1,1999-12-15,1999,OBER-0-20,CUT_PPM,141.29055
836,1,1999-12-15,1999,UNTER40-60,CUT_PPM,76.052
836,1,1999-12-15,1999,OBER-0-20,Hg_AMA_PPM,1.53093
836,1,1999-12-15,1999,OBER-0-20,HGT_PPM,1.465
836,1,1999-12-15,1999,UNTER40-60,HGT_PPM,1.3994
836,1,1999-12-15,1999,OBER-0-20,NIT_PPM,30.35457
836,1,1999-12-15,1999,UNTER40-60,NIT_PPM,33.34799
836,1,1999-12-15,1999,OBER-0-20,ORG_SUB,17.16
836,1,1999-12-15,1999,UNTER40-60,ORG_SUB,5.28
836,1,1999-12-15,1999,OBER-0-20,PBT_PPM,170.25249
836,1,1999-12-15,1999,UNTER40-60,PBT_PPM,128.77041
836,1,1999-12-15,1999,OBER-0-20,PHCA,6.74
836,1,1999-12-15,1999,UNTER40-60,PHCA,6.76
836,1,1999-12-15,1999,OBER-0-20,ZNT_PPM,475.3
836,1,1999-12-15,1999,UNTER40-60,ZNT_PPM,293.34886
836,2,2004-11-18,2004,OBER-0-20,CDT_PPM,1.975
836,2,2004-11-18,2004,UNTER40-60,CDT_PPM,1.833
836,2,2004-11-18,2004,OBER-0-20,CRT_PPM,83.8
836,2,2004-11-18,2004,UNTER40-60,CRT_PPM,81
836,2,2004-11-18,2004,OBER-0-20,CUT_PPM,133.3
836,2,2004-11-18,2004,UNTER40-60,CUT_PPM,98.8
836,2,2004-11-18,2004,OBER-0-20,Hg_AMA_PPM,1.6843
836,2,2004-11-18,2004,OBER-0-20,HGT_PPM,1.273
836,2,2004-11-18,2004,UNTER40-60,HGT_PPM,1.5365
836,2,2004-11-18,2004,OBER-0-20,NIT_PPM,27.6
836,2,2004-11-18,2004,UNTER40-60,NIT_PPM,32
836,2,2004-11-18,2004,OBER-0-20,ORG_SUB,27.384375
836,2,2004-11-18,2004,OBER-0-20,PBT_PPM,156
836,2,2004-11-18,2004,UNTER40-60,PBT_PPM,133
836,2,2004-11-18,2004,OBER-0-20,ZNT_PPM,445.9
836,2,2004-11-18,2004,UNTER40-60,ZNT_PPM,371.6
836,3,2009-11-03,2009,OBER-0-20,CDT_PPM,1.86
836,3,2009-11-03,2009,UNTER40-60,CDT_PPM,1.59
836,3,2009-11-03,2009,OBER-0-20,CRT_PPM,77
836,3,2009-11-03,2009,UNTER40-60,CRT_PPM,51
836,3,2009-11-03,2009,OBER-0-20,CUT_PPM,127
836,3,2009-11-03,2009,UNTER40-60,CUT_PPM,84.1
836,3,2009-11-03,2009,OBER-0-20,Hg_AMA_PPM,1.6855
836,3,2009-11-03,2009,OBER-0-20,HGT_PPM,1.38
836,3,2009-11-03,2009,UNTER40-60,HGT_PPM,1.5
836,3,2009-11-03,2009,OBER-0-20,NIT_PPM,26.9
836,3,2009-11-03,2009,UNTER40-60,NIT_PPM,30.2
836,3,2009-11-03,2009,OBER-0-20,ORG_SUB,19.50285
836,3,2009-11-03,2009,UNTER40-60,ORG_SUB,8.173912
836,3,2009-11-03,2009,OBER-0-20,PBT_PPM,146.5
836,3,2009-11-03,2009,UNTER40-60,PBT_PPM,113.6
836,3,2009-11-03,2009,OBER-0-20,PHCA,6.73
836,3,2009-11-03,2009,UNTER40-60,PHCA,6.75
836,3,2009-11-03,2009,OBER-0-20,ZNT_PPM,435.5
836,3,2009-11-03,2009,UNTER40-60,ZNT_PPM,318
836,4,2014-12-26,2014,OBER-0-20,CDT_PPM,1.975
836,4,2014-12-26,2014,OBER-0-20,CUT_PPM,136.5
836,4,2014-12-26,2014,OBER-0-20,Hg_AMA_PPM,1.5682
836,4,2014-12-26,2014,UNTER40-60,Hg_AMA_PPM,1.6618
836,4,2014-12-26,2014,OBER-0-20,HGT_PPM,1.39
836,4,2014-12-26,2014,OBER-0-20,NIT_PPM,26.4
836,4,2014-12-26,2014,OBER-0-20,ORG_SUB,17.035755
836,4,2014-12-26,2014,UNTER40-60,ORG_SUB,5.31921
836,4,2014-12-26,2014,OBER-0-20,PBT_PPM,249
836,4,2014-12-26,2014,OBER-0-20,PHCA,6.73
836,4,2014-12-26,2014,UNTER40-60,PHCA,6.71
836,4,2014-12-26,2014,OBER-0-20,ZNT_PPM,459
836,5,2019-11-13,2019,OBER-0-20,CDT_PPM,1.88
836,5,2019-11-13,2019,UNTER40-60,CDT_PPM,1.33
836,5,2019-11-13,2019,OBER-0-20,CUT_PPM,121
836,5,2019-11-13,2019,UNTER40-60,CUT_PPM,74
836,5,2019-11-13,2019,OBER-0-20,Hg_AMA_PPM,1.49615
836,5,2019-11-13,2019,UNTER40-60,Hg_AMA_PPM,1.55245
836,5,2019-11-13,2019,OBER-0-20,HGT_PPM,1.5
836,5,2019-11-13,2019,OBER-0-20,NIT_PPM,26.5
836,5,2019-11-13,2019,UNTER40-60,NIT_PPM,27.9
836,5,2019-11-13,2019,OBER-0-20,ORG_SUB,14.389605
836,5,2019-11-13,2019,UNTER40-60,ORG_SUB,5.62005
836,5,2019-11-13,2019,OBER-0-20,PBT_PPM,151
836,5,2019-11-13,2019,UNTER40-60,PBT_PPM,106
836,5,2019-11-13,2019,OBER-0-20,PHCA,6.78
836,5,2019-11-13,2019,UNTER40-60,PHCA,6.78
836,5,2019-11-13,2019,OBER-0-20,ZNT_PPM,423
836,5,2019-11-13,2019,UNTER40-60,ZNT_PPM,269
836,6,2024-11-14,2024,OBER-0-20,CDT_PPM,2.1349
836,6,2024-11-14,2024,UNTER40-60,CDT_PPM,1.7722
836,6,2024-11-14,2024,OBER-0-20,CRT_PPM,84.2597
836,6,2024-11-14,2024,UNTER40-60,CRT_PPM,56.938
836,6,2024-11-14,2024,OBER-0-20,CUT_PPM,144.1164
836,6,2024-11-14,2024,UNTER40-60,CUT_PPM,96.8436
836,6,2024-11-14,2024,OBER-0-20,Hg_AMA_PPM,1.519168
836,6,2024-11-14,2024,UNTER40-60,Hg_AMA_PPM,1.768691
836,6,2024-11-14,2024,OBER-0-20,HGT_PPM,1.7173
836,6,2024-11-14,2024,UNTER40-60,HGT_PPM,1.707
836,6,2024-11-14,2024,OBER-0-20,NIT_PPM,30.5074
836,6,2024-11-14,2024,UNTER40-60,NIT_PPM,31.7346
836,6,2024-11-14,2024,OBER-0-20,ORG_SUB,11.321175
836,6,2024-11-14,2024,UNTER40-60,ORG_SUB,5.70285
836,6,2024-11-14,2024,OBER-0-20,PBT_PPM,183.1366
836,6,2024-11-14,2024,UNTER40-60,PBT_PPM,145.9491
836,6,2024-11-14,2024,OBER-0-20,PHCA,6.81
836,6,2024-11-14,2024,UNTER40-60,PHCA,6.78
836,6,2024-11-14,2024,OBER-0-20,ZNT_PPM,501.4187
836,6,2024-11-14,2024,UNTER40-60,ZNT_PPM,354.9711
837,1,1999-12-15,1999,OBER-0-20,CDT_PPM,1.78096
837,1,1999-12-15,1999,UNTER40-60,CDT_PPM,0.51538
837,1,1999-12-15,1999,OBER-0-20,CRT_PPM,32.7
837,1,1999-12-15,1999,UNTER40-60,CRT_PPM,23.33115
837,1,1999-12-15,1999,OBER-0-20,CUT_PPM,188.4
837,1,1999-12-15,1999,UNTER40-60,CUT_PPM,47.4962
837,1,1999-12-15,1999,OBER-0-20,Hg_AMA_PPM,0.8195
837,1,1999-12-15,1999,OBER-0-20,HGT_PPM,0.635
837,1,1999-12-15,1999,UNTER40-60,HGT_PPM,0.31454
837,1,1999-12-15,1999,OBER-0-20,NIT_PPM,30.1
837,1,1999-12-15,1999,UNTER40-60,NIT_PPM,29.02439
837,1,1999-12-15,1999,OBER-0-20,ORG_SUB,7.603195
837,1,1999-12-15,1999,UNTER40-60,ORG_SUB,2.68
837,1,1999-12-15,1999,OBER-0-20,PBT_PPM,961
837,1,1999-12-15,1999,UNTER40-60,PBT_PPM,68.36872
837,1,1999-12-15,1999,OBER-0-20,PHCA,6.83
837,1,1999-12-15,1999,UNTER40-60,PHCA,7.28
837,1,1999-12-15,1999,OBER-0-20,ZNT_PPM,674.929
837,1,1999-12-15,1999,UNTER40-60,ZNT_PPM,134.21917
837,2,2004-11-17,2004,OBER-0-20,CDT_PPM,1.614
837,2,2004-11-17,2004,UNTER40-60,CDT_PPM,0.867
837,2,2004-11-17,2004,OBER-0-20,CRT_PPM,32.1
837,2,2004-11-17,2004,UNTER40-60,CRT_PPM,25.7
837,2,2004-11-17,2004,OBER-0-20,CUT_PPM,255.3
837,2,2004-11-17,2004,UNTER40-60,CUT_PPM,72.7
837,2,2004-11-17,2004,OBER-0-20,Hg_AMA_PPM,0.7517
837,2,2004-11-17,2004,OBER-0-20,HGT_PPM,0.50896
837,2,2004-11-17,2004,UNTER40-60,HGT_PPM,0.44064
837,2,2004-11-17,2004,OBER-0-20,NIT_PPM,31.8
837,2,2004-11-17,2004,UNTER40-60,NIT_PPM,28.1
837,2,2004-11-17,2004,OBER-0-20,ORG_SUB,8.872537
837,2,2004-11-17,2004,OBER-0-20,PBT_PPM,441
837,2,2004-11-17,2004,UNTER40-60,PBT_PPM,143
837,2,2004-11-17,2004,OBER-0-20,ZNT_PPM,585.8
837,2,2004-11-17,2004,UNTER40-60,ZNT_PPM,270.2
837,3,2009-11-03,2009,OBER-0-20,CDT_PPM,1.54
837,3,2009-11-03,2009,UNTER40-60,CDT_PPM,0.45
837,3,2009-11-03,2009,OBER-0-20,CRT_PPM,31.93
837,3,2009-11-03,2009,UNTER40-60,CRT_PPM,21.58
837,3,2009-11-03,2009,OBER-0-20,CUT_PPM,184.54
837,3,2009-11-03,2009,UNTER40-60,CUT_PPM,44.54
837,3,2009-11-03,2009,OBER-0-20,Hg_AMA_PPM,0.8765
837,3,2009-11-03,2009,OBER-0-20,HGT_PPM,0.59
837,3,2009-11-03,2009,UNTER40-60,HGT_PPM,0.29
837,3,2009-11-03,2009,OBER-0-20,NIT_PPM,27.77
837,3,2009-11-03,2009,UNTER40-60,NIT_PPM,25.17
837,3,2009-11-03,2009,OBER-0-20,ORG_SUB,9.062287
837,3,2009-11-03,2009,UNTER40-60,ORG_SUB,2.819857
837,3,2009-11-03,2009,OBER-0-20,PBT_PPM,294.23
837,3,2009-11-03,2009,UNTER40-60,PBT_PPM,57.62
837,3,2009-11-03,2009,OBER-0-20,PHCA,6.8
837,3,2009-11-03,2009,UNTER40-60,PHCA,7.19
837,3,2009-11-03,2009,OBER-0-20,ZNT_PPM,563.03
837,3,2009-11-03,2009,UNTER40-60,ZNT_PPM,126.03
837,4,2014-12-26,2014,OBER-0-20,CDT_PPM,1.4795945
837,4,2014-12-26,2014,OBER-0-20,CRT_PPM,31.165892
837,4,2014-12-26,2014,OBER-0-20,CUT_PPM,180.964552
837,4,2014-12-26,2014,OBER-0-20,Hg_AMA_PPM,0.63065
837,4,2014-12-26,2014,OBER-0-20,HGT_PPM,0.559211
837,4,2014-12-26,2014,OBER-0-20,NIT_PPM,29.018987
837,4,2014-12-26,2014,OBER-0-20,ORG_SUB,9.9948225
837,4,2014-12-26,2014,OBER-0-20,PBT_PPM,317.543188
837,4,2014-12-26,2014,OBER-0-20,PHCA,6.68
837,4,2014-12-26,2014,OBER-0-20,ZNT_PPM,533.1608055
837,5,2019-11-13,2019,OBER-0-20,CDT_PPM,1.33
837,5,2019-11-13,2019,UNTER40-60,CDT_PPM,0.582
837,5,2019-11-13,2019,OBER-0-20,CUT_PPM,148
837,5,2019-11-13,2019,UNTER40-60,CUT_PPM,65.2
837,5,2019-11-13,2019,OBER-0-20,Hg_AMA_PPM,0.62345
837,5,2019-11-13,2019,UNTER40-60,Hg_AMA_PPM,0.4682
837,5,2019-11-13,2019,OBER-0-20,HGT_PPM,0.56
837,5,2019-11-13,2019,OBER-0-20,NIT_PPM,26.4
837,5,2019-11-13,2019,UNTER40-60,NIT_PPM,25.1
837,5,2019-11-13,2019,OBER-0-20,ORG_SUB,9.748492
837,5,2019-11-13,2019,UNTER40-60,ORG_SUB,3.603007
837,5,2019-11-13,2019,OBER-0-20,PBT_PPM,454
837,5,2019-11-13,2019,UNTER40-60,PBT_PPM,79.2
837,5,2019-11-13,2019,OBER-0-20,PHCA,6.69
837,5,2019-11-13,2019,UNTER40-60,PHCA,7.02
837,5,2019-11-13,2019,OBER-0-20,ZNT_PPM,510
837,5,2019-11-13,2019,UNTER40-60,ZNT_PPM,175
837,6,2024-11-14,2024,OBER-0-20,CDT_PPM,1.3485
837,6,2024-11-14,2024,UNTER40-60,CDT_PPM,0.7483
837,6,2024-11-14,2024,OBER-0-20,CRT_PPM,30.6278
837,6,2024-11-14,2024,UNTER40-60,CRT_PPM,25.4409
837,6,2024-11-14,2024,OBER-0-20,CUT_PPM,167.1173
837,6,2024-11-14,2024,UNTER40-60,CUT_PPM,65.5969
837,6,2024-11-14,2024,OBER-0-20,Hg_AMA_PPM,0.576318
837,6,2024-11-14,2024,UNTER40-60,Hg_AMA_PPM,0.536895
837,6,2024-11-14,2024,OBER-0-20,HGT_PPM,0.5594
837,6,2024-11-14,2024,UNTER40-60,HGT_PPM,0.4572
837,6,2024-11-14,2024,OBER-0-20,NIT_PPM,27.8347
837,6,2024-11-14,2024,UNTER40-60,NIT_PPM,29.4264
837,6,2024-11-14,2024,OBER-0-20,ORG_SUB,10.089525
837,6,2024-11-14,2024,UNTER40-60,ORG_SUB,3.948525
837,6,2024-11-14,2024,OBER-0-20,PBT_PPM,286.1167
837,6,2024-11-14,2024,UNTER40-60,PBT_PPM,108.7625
837,6,2024-11-14,2024,OBER-0-20,PHCA,6.68
837,6,2024-11-14,2024,UNTER40-60,PHCA,6.91
837,6,2024-11-14,2024,OBER-0-20,ZNT_PPM,576.7571
837,6,2024-11-14,2024,UNTER40-60,ZNT_PPM,242.3548
838,1,1999-09-15,1999,OBER-0-20,CDT_PPM,1.18
838,1,1999-09-15,1999,UNTER40-60,CDT_PPM,0.29006
838,1,1999-09-15,1999,OBER-0-20,CRT_PPM,42.3
838,1,1999-09-15,1999,UNTER40-60,CRT_PPM,22.12504
838,1,1999-09-15,1999,OBER-0-20,CUT_PPM,65.70096
838,1,1999-09-15,1999,UNTER40-60,CUT_PPM,25.49382
838,1,1999-09-15,1999,OBER-0-20,Hg_AMA_PPM,1.1782
838,1,1999-09-15,1999,OBER-0-20,HGT_PPM,0.9252
838,1,1999-09-15,1999,UNTER40-60,HGT_PPM,0.23523
838,1,1999-09-15,1999,OBER-0-20,NIT_PPM,30.8
838,1,1999-09-15,1999,UNTER40-60,NIT_PPM,26.96874
838,1,1999-09-15,1999,OBER-0-20,ORG_SUB,5.6834635
838,1,1999-09-15,1999,UNTER40-60,ORG_SUB,1.79
838,1,1999-09-15,1999,OBER-0-20,PBT_PPM,106
838,1,1999-09-15,1999,UNTER40-60,PBT_PPM,31.48338
838,1,1999-09-15,1999,OBER-0-20,PHCA,6.82
838,1,1999-09-15,1999,UNTER40-60,PHCA,7.47
838,1,1999-09-15,1999,OBER-0-20,ZNT_PPM,248.9
838,1,1999-09-15,1999,UNTER40-60,ZNT_PPM,76.20516
838,2,2004-11-17,2004,OBER-0-20,CDT_PPM,1.115
838,2,2004-11-17,2004,UNTER40-60,CDT_PPM,0.676
838,2,2004-11-17,2004,OBER-0-20,CRT_PPM,40.7
838,2,2004-11-17,2004,UNTER40-60,CRT_PPM,29.1
838,2,2004-11-17,2004,OBER-0-20,CUT_PPM,60.6
838,2,2004-11-17,2004,UNTER40-60,CUT_PPM,36.7
838,2,2004-11-17,2004,OBER-0-20,Hg_AMA_PPM,1.0455
838,2,2004-11-17,2004,OBER-0-20,HGT_PPM,0.7576
838,2,2004-11-17,2004,UNTER40-60,HGT_PPM,0.48222
838,2,2004-11-17,2004,OBER-0-20,NIT_PPM,28.6
838,2,2004-11-17,2004,UNTER40-60,NIT_PPM,27.7
838,2,2004-11-17,2004,OBER-0-20,ORG_SUB,7.523242
838,2,2004-11-17,2004,OBER-0-20,PBT_PPM,93.6
838,2,2004-11-17,2004,UNTER40-60,PBT_PPM,56.5
838,2,2004-11-17,2004,OBER-0-20,ZNT_PPM,240.3
838,2,2004-11-17,2004,UNTER40-60,ZNT_PPM,131.2
838,3,2009-11-03,2009,OBER-0-20,CDT_PPM,1.09
838,3,2009-11-03,2009,UNTER40-60,CDT_PPM,0.453
838,3,2009-11-03,2009,OBER-0-20,CRT_PPM,38.9
838,3,2009-11-03,2009,UNTER40-60,CRT_PPM,23.4
838,3,2009-11-03,2009,OBER-0-20,CUT_PPM,62.5
838,3,2009-11-03,2009,UNTER40-60,CUT_PPM,30.2
838,3,2009-11-03,2009,OBER-0-20,Hg_AMA_PPM,1.1131
838,3,2009-11-03,2009,OBER-0-20,HGT_PPM,0.99
838,3,2009-11-03,2009,UNTER40-60,HGT_PPM,0.09
838,3,2009-11-03,2009,OBER-0-20,NIT_PPM,29.6
838,3,2009-11-03,2009,UNTER40-60,NIT_PPM,26.6
838,3,2009-11-03,2009,OBER-0-20,ORG_SUB,7.360747
838,3,2009-11-03,2009,UNTER40-60,ORG_SUB,2.463817
838,3,2009-11-03,2009,OBER-0-20,PBT_PPM,98.2
838,3,2009-11-03,2009,UNTER40-60,PBT_PPM,38.2
838,3,2009-11-03,2009,OBER-0-20,PHCA,7.01
838,3,2009-11-03,2009,UNTER40-60,PHCA,7.27
838,3,2009-11-03,2009,OBER-0-20,ZNT_PPM,245
838,3,2009-11-03,2009,UNTER40-60,ZNT_PPM,98.8
838,4,2014-12-26,2014,OBER-0-20,CDT_PPM,1.051198
838,4,2014-12-26,2014,OBER-0-20,CRT_PPM,40.30372
838,4,2014-12-26,2014,OBER-0-20,CUT_PPM,65.583156
838,4,2014-12-26,2014,OBER-0-20,Hg_AMA_PPM,0.964375
838,4,2014-12-26,2014,OBER-0-20,HGT_PPM,0.90538
838,4,2014-12-26,2014,OBER-0-20,NIT_PPM,29.918759
838,4,2014-12-26,2014,OBER-0-20,ORG_SUB,6.6978295
838,4,2014-12-26,2014,OBER-0-20,PBT_PPM,100.935188
838,4,2014-12-26,2014,OBER-0-20,PHCA,6.855
838,4,2014-12-26,2014,OBER-0-20,ZNT_PPM,248.0748935
838,5,2019-11-13,2019,OBER-0-20,CDT_PPM,0.938
838,5,2019-11-13,2019,UNTER40-60,CDT_PPM,0.401
838,5,2019-11-13,2019,OBER-0-20,CUT_PPM,59.1
838,5,2019-11-13,2019,UNTER40-60,CUT_PPM,25.6
838,5,2019-11-13,2019,OBER-0-20,Hg_AMA_PPM,0.973
838,5,2019-11-13,2019,UNTER40-60,Hg_AMA_PPM,0.4009
838,5,2019-11-13,2019,OBER-0-20,HGT_PPM,0.88
838,5,2019-11-13,2019,OBER-0-20,NIT_PPM,25.7
838,5,2019-11-13,2019,UNTER40-60,NIT_PPM,23.5
838,5,2019-11-13,2019,OBER-0-20,ORG_SUB,7.27398
838,5,2019-11-13,2019,UNTER40-60,ORG_SUB,2.25216
838,5,2019-11-13,2019,OBER-0-20,PBT_PPM,93.4
838,5,2019-11-13,2019,UNTER40-60,PBT_PPM,43.7
838,5,2019-11-13,2019,OBER-0-20,PHCA,6.96
838,5,2019-11-13,2019,UNTER40-60,PHCA,7.31
838,5,2019-11-13,2019,OBER-0-20,ZNT_PPM,235
838,5,2019-11-13,2019,UNTER40-60,ZNT_PPM,84.6
838,6,2024-11-14,2024,OBER-0-20,CDT_PPM,1.0651
838,6,2024-11-14,2024,UNTER40-60,CDT_PPM,0.5593
838,6,2024-11-14,2024,OBER-0-20,CRT_PPM,38.6305
838,6,2024-11-14,2024,UNTER40-60,CRT_PPM,24.5501
838,6,2024-11-14,2024,OBER-0-20,CUT_PPM,63.1059
838,6,2024-11-14,2024,UNTER40-60,CUT_PPM,36.0693
838,6,2024-11-14,2024,OBER-0-20,Hg_AMA_PPM,1.008898
838,6,2024-11-14,2024,UNTER40-60,Hg_AMA_PPM,0.520116
838,6,2024-11-14,2024,OBER-0-20,HGT_PPM,0.9477
838,6,2024-11-14,2024,UNTER40-60,HGT_PPM,0.4803
838,6,2024-11-14,2024,OBER-0-20,NIT_PPM,30.2506
838,6,2024-11-14,2024,UNTER40-60,NIT_PPM,27.5183
838,6,2024-11-14,2024,OBER-0-20,ORG_SUB,6.166875
838,6,2024-11-14,2024,UNTER40-60,ORG_SUB,2.692725
838,6,2024-11-14,2024,OBER-0-20,PBT_PPM,98.8184
838,6,2024-11-14,2024,UNTER40-60,PBT_PPM,52.395
838,6,2024-11-14,2024,OBER-0-20,PHCA,6.91
838,6,2024-11-14,2024,UNTER40-60,PHCA,7.29
838,6,2024-11-14,2024,OBER-0-20,ZNT_PPM,255.6996
838,6,2024-11-14,2024,UNTER40-60,ZNT_PPM,113.07
903,1,1999-12-15,1999,OBER-0-20,CDT_PPM,1.588
903,1,1999-12-15,1999,UNTER40-60,CDT_PPM,0.41347
903,1,1999-12-15,1999,OBER-0-20,CRT_PPM,44.83715
903,1,1999-12-15,1999,UNTER40-60,CRT_PPM,23.46994
903,1,1999-12-15,1999,OBER-0-20,CUT_PPM,103.29849
903,1,1999-12-15,1999,UNTER40-60,CUT_PPM,33.66121
903,1,1999-12-15,1999,OBER-0-20,Hg_AMA_PPM,1.22874
903,1,1999-12-15,1999,OBER-0-20,HGT_PPM,0.985
903,1,1999-12-15,1999,UNTER40-60,HGT_PPM,0.2589
903,1,1999-12-15,1999,OBER-0-20,NIT_PPM,33.93334
903,1,1999-12-15,1999,UNTER40-60,NIT_PPM,28.83851
903,1,1999-12-15,1999,OBER-0-20,ORG_SUB,8.0376025
903,1,1999-12-15,1999,UNTER40-60,ORG_SUB,2.57
903,1,1999-12-15,1999,OBER-0-20,PBT_PPM,179.35589
903,1,1999-12-15,1999,UNTER40-60,PBT_PPM,71.20525
903,1,1999-12-15,1999,OBER-0-20,PHCA,6.795
903,1,1999-12-15,1999,UNTER40-60,PHCA,7.25
903,1,1999-12-15,1999,OBER-0-20,ZNT_PPM,410.98867
903,1,1999-12-15,1999,UNTER40-60,ZNT_PPM,106.8274
903,2,2004-11-17,2004,OBER-0-20,CDT_PPM,1.504
903,2,2004-11-17,2004,UNTER40-60,CDT_PPM,0.913
903,2,2004-11-17,2004,OBER-0-20,CRT_PPM,43.2
903,2,2004-11-17,2004,UNTER40-60,CRT_PPM,31.9
903,2,2004-11-17,2004,OBER-0-20,CUT_PPM,92.7
903,2,2004-11-17,2004,UNTER40-60,CUT_PPM,56.3
903,2,2004-11-17,2004,OBER-0-20,Hg_AMA_PPM,1.23535
903,2,2004-11-17,2004,OBER-0-20,HGT_PPM,0.9466
903,2,2004-11-17,2004,UNTER40-60,HGT_PPM,0.6854
903,2,2004-11-17,2004,OBER-0-20,NIT_PPM,31.6
903,2,2004-11-17,2004,UNTER40-60,NIT_PPM,30.5
903,2,2004-11-17,2004,OBER-0-20,ORG_SUB,8.2009945
903,2,2004-11-17,2004,OBER-0-20,PBT_PPM,163
903,2,2004-11-17,2004,UNTER40-60,PBT_PPM,87.5
903,2,2004-11-17,2004,OBER-0-20,PHCA,6.65
903,2,2004-11-17,2004,OBER-0-20,ZNT_PPM,380.8
903,2,2004-11-17,2004,UNTER40-60,ZNT_PPM,213.4
903,3,2009-10-22,2009,OBER-0-20,CDT_PPM,1.5
903,3,2009-10-22,2009,UNTER40-60,CDT_PPM,0.81
903,3,2009-10-22,2009,OBER-0-20,CRT_PPM,42.5
903,3,2009-10-22,2009,UNTER40-60,CRT_PPM,29.2
903,3,2009-10-22,2009,OBER-0-20,CUT_PPM,93.2
903,3,2009-10-22,2009,UNTER40-60,CUT_PPM,53.1
903,3,2009-10-22,2009,OBER-0-20,Hg_AMA_PPM,1.2087
903,3,2009-10-22,2009,OBER-0-20,HGT_PPM,1.01
903,3,2009-10-22,2009,UNTER40-60,HGT_PPM,0.64
903,3,2009-10-22,2009,OBER-0-20,NIT_PPM,30.7
903,3,2009-10-22,2009,UNTER40-60,NIT_PPM,29.7
903,3,2009-10-22,2009,OBER-0-20,ORG_SUB,7.693672
903,3,2009-10-22,2009,UNTER40-60,ORG_SUB,3.918855
903,3,2009-10-22,2009,OBER-0-20,PBT_PPM,171.7
903,3,2009-10-22,2009,UNTER40-60,PBT_PPM,87.8
903,3,2009-10-22,2009,OBER-0-20,PHCA,6.96
903,3,2009-10-22,2009,UNTER40-60,PHCA,7.09
903,3,2009-10-22,2009,OBER-0-20,ZNT_PPM,382.9
903,3,2009-10-22,2009,UNTER40-60,ZNT_PPM,201.6
903,4,2014-12-03,2014,OBER-0-20,CDT_PPM,1.5050985
903,4,2014-12-03,2014,OBER-0-20,CRT_PPM,41.299266
903,4,2014-12-03,2014,OBER-0-20,CUT_PPM,96.215526
903,4,2014-12-03,2014,OBER-0-20,Hg_AMA_PPM,1.253375
903,4,2014-12-03,2014,OBER-0-20,HGT_PPM,1.12732
903,4,2014-12-03,2014,OBER-0-20,NIT_PPM,31.280814
903,4,2014-12-03,2014,OBER-0-20,ORG_SUB,7.3287485
903,4,2014-12-03,2014,OBER-0-20,PBT_PPM,859.3923875
903,4,2014-12-03,2014,OBER-0-20,PHCA,6.87
903,4,2014-12-03,2014,OBER-0-20,ZNT_PPM,374.712786
903,5,2019-11-13,2019,OBER-0-20,CDT_PPM,1.45
903,5,2019-11-13,2019,UNTER40-60,CDT_PPM,0.558
903,5,2019-11-13,2019,OBER-0-20,CUT_PPM,86.1
903,5,2019-11-13,2019,UNTER40-60,CUT_PPM,39.8
903,5,2019-11-13,2019,OBER-0-20,Hg_AMA_PPM,1.04425
903,5,2019-11-13,2019,UNTER40-60,Hg_AMA_PPM,0.5166
903,5,2019-11-13,2019,OBER-0-20,HGT_PPM,0.93
903,5,2019-11-13,2019,OBER-0-20,NIT_PPM,30
903,5,2019-11-13,2019,UNTER40-60,NIT_PPM,27
903,5,2019-11-13,2019,OBER-0-20,ORG_SUB,6.38112
903,5,2019-11-13,2019,UNTER40-60,ORG_SUB,2.749305
903,5,2019-11-13,2019,OBER-0-20,PBT_PPM,181
903,5,2019-11-13,2019,UNTER40-60,PBT_PPM,58.7
903,5,2019-11-13,2019,OBER-0-20,PHCA,7.01
903,5,2019-11-13,2019,UNTER40-60,PHCA,7.14
903,5,2019-11-13,2019,OBER-0-20,ZNT_PPM,339
903,5,2019-11-13,2019,UNTER40-60,ZNT_PPM,135
903,6,2024-11-27,2024,OBER-0-20,CDT_PPM,1.4134
903,6,2024-11-27,2024,UNTER40-60,CDT_PPM,0.6985
903,6,2024-11-27,2024,OBER-0-20,CRT_PPM,39.3737
903,6,2024-11-27,2024,UNTER40-60,CRT_PPM,25.6898
903,6,2024-11-27,2024,OBER-0-20,CUT_PPM,101.0333
903,6,2024-11-27,2024,UNTER40-60,CUT_PPM,44.7523
903,6,2024-11-27,2024,OBER-0-20,Hg_AMA_PPM,1.167558
903,6,2024-11-27,2024,UNTER40-60,Hg_AMA_PPM,0.645408
903,6,2024-11-27,2024,OBER-0-20,HGT_PPM,0.9414
903,6,2024-11-27,2024,UNTER40-60,HGT_PPM,0.5105
903,6,2024-11-27,2024,OBER-0-20,NIT_PPM,31.1995
903,6,2024-11-27,2024,UNTER40-60,NIT_PPM,28.6922
903,6,2024-11-27,2024,OBER-0-20,ORG_SUB,5.7684
903,6,2024-11-27,2024,UNTER40-60,ORG_SUB,3.01875
903,6,2024-11-27,2024,OBER-0-20,PBT_PPM,171.3316
903,6,2024-11-27,2024,UNTER40-60,PBT_PPM,75.384
903,6,2024-11-27,2024,OBER-0-20,PHCA,6.95
903,6,2024-11-27,2024,UNTER40-60,PHCA,7.08
903,6,2024-11-27,2024,OBER-0-20,ZNT_PPM,355.4428
903,6,2024-11-27,2024,UNTER40-60,ZNT_PPM,156.3479
904,1,1999-12-15,1999,OBER-0-20,CDT_PPM,2.599
904,1,1999-12-15,1999,UNTER40-60,CDT_PPM,0.76488
904,1,1999-12-15,1999,OBER-0-20,CRT_PPM,62.8
904,1,1999-12-15,1999,UNTER40-60,CRT_PPM,41.24929
904,1,1999-12-15,1999,OBER-0-20,CUT_PPM,166.62484
904,1,1999-12-15,1999,UNTER40-60,CUT_PPM,63.97889
904,1,1999-12-15,1999,OBER-0-20,Hg_AMA_PPM,1.4482
904,1,1999-12-15,1999,OBER-0-20,HGT_PPM,1.2982
904,1,1999-12-15,1999,UNTER40-60,HGT_PPM,0.53065
904,1,1999-12-15,1999,OBER-0-20,NIT_PPM,36.95748
904,1,1999-12-15,1999,UNTER40-60,NIT_PPM,42.75254
904,1,1999-12-15,1999,OBER-0-20,ORG_SUB,12.2276725
904,1,1999-12-15,1999,UNTER40-60,ORG_SUB,4.41
904,1,1999-12-15,1999,OBER-0-20,PBT_PPM,377.16801
904,1,1999-12-15,1999,UNTER40-60,PBT_PPM,163.65785
904,1,1999-12-15,1999,OBER-0-20,PHCA,6.55
904,1,1999-12-15,1999,UNTER40-60,PHCA,6.79
904,1,1999-12-15,1999,OBER-0-20,ZNT_PPM,780.31701
904,1,1999-12-15,1999,UNTER40-60,ZNT_PPM,216.49176
904,2,2004-11-17,2004,OBER-0-20,CDT_PPM,2.476
904,2,2004-11-17,2004,UNTER40-60,CDT_PPM,1.529
904,2,2004-11-17,2004,OBER-0-20,CRT_PPM,58.8
904,2,2004-11-17,2004,UNTER40-60,CRT_PPM,50.6
904,2,2004-11-17,2004,OBER-0-20,CUT_PPM,226.7
904,2,2004-11-17,2004,UNTER40-60,CUT_PPM,102
904,2,2004-11-17,2004,OBER-0-20,Hg_AMA_PPM,1.4583
904,2,2004-11-17,2004,OBER-0-20,HGT_PPM,1.135
904,2,2004-11-17,2004,UNTER40-60,HGT_PPM,0.87804
904,2,2004-11-17,2004,OBER-0-20,NIT_PPM,37.3
904,2,2004-11-17,2004,UNTER40-60,NIT_PPM,42.4
904,2,2004-11-17,2004,OBER-0-20,ORG_SUB,15.47808
904,2,2004-11-17,2004,OBER-0-20,PBT_PPM,305
904,2,2004-11-17,2004,UNTER40-60,PBT_PPM,225
904,2,2004-11-17,2004,OBER-0-20,ZNT_PPM,670.8
904,2,2004-11-17,2004,UNTER40-60,ZNT_PPM,422.3
904,3,2009-10-22,2009,OBER-0-20,CDT_PPM,2.16
904,3,2009-10-22,2009,UNTER40-60,CDT_PPM,1.2
904,3,2009-10-22,2009,OBER-0-20,CRT_PPM,51.6
904,3,2009-10-22,2009,UNTER40-60,CRT_PPM,43.1
904,3,2009-10-22,2009,OBER-0-20,CUT_PPM,225
904,3,2009-10-22,2009,UNTER40-60,CUT_PPM,91.8
904,3,2009-10-22,2009,OBER-0-20,Hg_AMA_PPM,1.3445
904,3,2009-10-22,2009,OBER-0-20,HGT_PPM,1.15
904,3,2009-10-22,2009,UNTER40-60,HGT_PPM,0.96
904,3,2009-10-22,2009,OBER-0-20,NIT_PPM,31.2
904,3,2009-10-22,2009,UNTER40-60,NIT_PPM,38.5
904,3,2009-10-22,2009,OBER-0-20,ORG_SUB,17.279325
904,3,2009-10-22,2009,UNTER40-60,ORG_SUB,5.533627
904,3,2009-10-22,2009,OBER-0-20,PBT_PPM,331.3
904,3,2009-10-22,2009,UNTER40-60,PBT_PPM,183.9
904,3,2009-10-22,2009,OBER-0-20,PHCA,6.67
904,3,2009-10-22,2009,UNTER40-60,PHCA,6.73
904,3,2009-10-22,2009,OBER-0-20,ZNT_PPM,644.9
904,3,2009-10-22,2009,UNTER40-60,ZNT_PPM,345.1
904,4,2014-11-20,2014,OBER-0-20,CDT_PPM,2.21
904,4,2014-11-20,2014,OBER-0-20,CUT_PPM,229
904,4,2014-11-20,2014,OBER-0-20,Hg_AMA_PPM,1.2877
904,4,2014-11-20,2014,OBER-0-20,HGT_PPM,1.1
904,4,2014-11-20,2014,OBER-0-20,NIT_PPM,32.45
904,4,2014-11-20,2014,OBER-0-20,ORG_SUB,15.77685
904,4,2014-11-20,2014,OBER-0-20,PBT_PPM,386
904,4,2014-11-20,2014,OBER-0-20,PHCA,6.67
904,4,2014-11-20,2014,OBER-0-20,ZNT_PPM,660
904,5,2019-11-20,2019,OBER-0-20,CDT_PPM,2.16
904,5,2019-11-20,2019,UNTER40-60,CDT_PPM,0.8
904,5,2019-11-20,2019,OBER-0-20,CUT_PPM,208
904,5,2019-11-20,2019,UNTER40-60,CUT_PPM,65.7
904,5,2019-11-20,2019,OBER-0-20,Hg_AMA_PPM,1.4017
904,5,2019-11-20,2019,UNTER40-60,Hg_AMA_PPM,0.8077
904,5,2019-11-20,2019,OBER-0-20,HGT_PPM,1.25
904,5,2019-11-20,2019,OBER-0-20,NIT_PPM,31.1
904,5,2019-11-20,2019,UNTER40-60,NIT_PPM,36.6
904,5,2019-11-20,2019,OBER-0-20,ORG_SUB,13.835707
904,5,2019-11-20,2019,UNTER40-60,ORG_SUB,3.67977
904,5,2019-11-20,2019,OBER-0-20,PBT_PPM,276
904,5,2019-11-20,2019,UNTER40-60,PBT_PPM,125
904,5,2019-11-20,2019,OBER-0-20,PHCA,6.75
904,5,2019-11-20,2019,UNTER40-60,PHCA,6.67
904,5,2019-11-20,2019,OBER-0-20,ZNT_PPM,628
904,5,2019-11-20,2019,UNTER40-60,ZNT_PPM,220
904,6,2024-11-27,2024,OBER-0-20,CDT_PPM,1.6009
904,6,2024-11-27,2024,UNTER40-60,CDT_PPM,1.4931
904,6,2024-11-27,2024,OBER-0-20,CRT_PPM,42.5922
904,6,2024-11-27,2024,UNTER40-60,CRT_PPM,44.6435
904,6,2024-11-27,2024,OBER-0-20,CUT_PPM,158.3132
904,6,2024-11-27,2024,UNTER40-60,CUT_PPM,135.5148
904,6,2024-11-27,2024,OBER-0-20,Hg_AMA_PPM,0.935166
904,6,2024-11-27,2024,UNTER40-60,Hg_AMA_PPM,1.522254
904,6,2024-11-27,2024,OBER-0-20,HGT_PPM,0.8754
904,6,2024-11-27,2024,UNTER40-60,HGT_PPM,1.1519
904,6,2024-11-27,2024,OBER-0-20,NIT_PPM,28.5329
904,6,2024-11-27,2024,UNTER40-60,NIT_PPM,38.4525
904,6,2024-11-27,2024,OBER-0-20,ORG_SUB,13.215225
904,6,2024-11-27,2024,UNTER40-60,ORG_SUB,5.1543
904,6,2024-11-27,2024,OBER-0-20,PBT_PPM,210.8336
904,6,2024-11-27,2024,UNTER40-60,PBT_PPM,226.3431
904,6,2024-11-27,2024,OBER-0-20,PHCA,6.72
904,6,2024-11-27,2024,UNTER40-60,PHCA,6.68
904,6,2024-11-27,2024,OBER-0-20,ZNT_PPM,487.583
904,6,2024-11-27,2024,UNTER40-60,ZNT_PPM,416.07
905,1,1999-12-15,1999,OBER-0-20,CDT_PPM,2.47093
905,1,1999-12-15,1999,UNTER40-60,CDT_PPM,0.70865
905,1,1999-12-15,1999,OBER-0-20,CRT_PPM,60.5
905,1,1999-12-15,1999,UNTER40-60,CRT_PPM,36.61541
905,1,1999-12-15,1999,OBER-0-20,CUT_PPM,144.50857
905,1,1999-12-15,1999,UNTER40-60,CUT_PPM,74.09573
905,1,1999-12-15,1999,OBER-0-20,Hg_AMA_PPM,1.5108
905,1,1999-12-15,1999,OBER-0-20,HGT_PPM,1.2192
905,1,1999-12-15,1999,UNTER40-60,HGT_PPM,0.4386
905,1,1999-12-15,1999,OBER-0-20,NIT_PPM,36.61662
905,1,1999-12-15,1999,UNTER40-60,NIT_PPM,39.42596
905,1,1999-12-15,1999,OBER-0-20,ORG_SUB,11.04601
905,1,1999-12-15,1999,UNTER40-60,ORG_SUB,2.96
905,1,1999-12-15,1999,OBER-0-20,PBT_PPM,265.69911
905,1,1999-12-15,1999,UNTER40-60,PBT_PPM,70.02559
905,1,1999-12-15,1999,OBER-0-20,PHCA,6.58
905,1,1999-12-15,1999,UNTER40-60,PHCA,6.75
905,1,1999-12-15,1999,OBER-0-20,ZNT_PPM,505.55186
905,1,1999-12-15,1999,UNTER40-60,ZNT_PPM,179.29324
905,2,2004-11-17,2004,OBER-0-20,CDT_PPM,2.3
905,2,2004-11-17,2004,UNTER40-60,CDT_PPM,1.452
905,2,2004-11-17,2004,OBER-0-20,CRT_PPM,55.8
905,2,2004-11-17,2004,UNTER40-60,CRT_PPM,42.4
905,2,2004-11-17,2004,OBER-0-20,CUT_PPM,135.6
905,2,2004-11-17,2004,UNTER40-60,CUT_PPM,78.1
905,2,2004-11-17,2004,OBER-0-20,Hg_AMA_PPM,1.4129
905,2,2004-11-17,2004,OBER-0-20,HGT_PPM,1.2445
905,2,2004-11-17,2004,UNTER40-60,HGT_PPM,0.841
905,2,2004-11-17,2004,OBER-0-20,NIT_PPM,33.2
905,2,2004-11-17,2004,UNTER40-60,NIT_PPM,38.7
905,2,2004-11-17,2004,OBER-0-20,ORG_SUB,13.17417
905,2,2004-11-17,2004,OBER-0-20,PBT_PPM,197
905,2,2004-11-17,2004,UNTER40-60,PBT_PPM,122
905,2,2004-11-17,2004,OBER-0-20,ZNT_PPM,495.4
905,2,2004-11-17,2004,UNTER40-60,ZNT_PPM,300.6
905,3,2009-10-22,2009,OBER-0-20,CDT_PPM,2.28
905,3,2009-10-22,2009,UNTER40-60,CDT_PPM,0.897
905,3,2009-10-22,2009,OBER-0-20,CRT_PPM,56.8
905,3,2009-10-22,2009,UNTER40-60,CRT_PPM,38
905,3,2009-10-22,2009,OBER-0-20,CUT_PPM,140
905,3,2009-10-22,2009,UNTER40-60,CUT_PPM,60.4
905,3,2009-10-22,2009,OBER-0-20,Hg_AMA_PPM,1.4732
905,3,2009-10-22,2009,OBER-0-20,HGT_PPM,1.34
905,3,2009-10-22,2009,UNTER40-60,HGT_PPM,0.57
905,3,2009-10-22,2009,OBER-0-20,NIT_PPM,33.9
905,3,2009-10-22,2009,UNTER40-60,NIT_PPM,38.5
905,3,2009-10-22,2009,OBER-0-20,ORG_SUB,11.842297
905,3,2009-10-22,2009,UNTER40-60,ORG_SUB,3.792067
905,3,2009-10-22,2009,OBER-0-20,PBT_PPM,204
905,3,2009-10-22,2009,UNTER40-60,PBT_PPM,83.6
905,3,2009-10-22,2009,OBER-0-20,PHCA,6.59
905,3,2009-10-22,2009,UNTER40-60,PHCA,6.79
905,3,2009-10-22,2009,OBER-0-20,ZNT_PPM,500.5
905,3,2009-10-22,2009,UNTER40-60,ZNT_PPM,211.7
905,4,2014-12-03,2014,OBER-0-20,CDT_PPM,2.33
905,4,2014-12-03,2014,OBER-0-20,CUT_PPM,178
905,4,2014-12-03,2014,OBER-0-20,Hg_AMA_PPM,1.4427
905,4,2014-12-03,2014,OBER-0-20,HGT_PPM,1.34
905,4,2014-12-03,2014,OBER-0-20,NIT_PPM,34.4
905,4,2014-12-03,2014,OBER-0-20,ORG_SUB,9.72417
905,4,2014-12-03,2014,OBER-0-20,PBT_PPM,219
905,4,2014-12-03,2014,OBER-0-20,PHCA,6.74
905,4,2014-12-03,2014,OBER-0-20,ZNT_PPM,511
905,5,2019-11-20,2019,OBER-0-20,CDT_PPM,2.04
905,5,2019-11-20,2019,UNTER40-60,CDT_PPM,0.461
905,5,2019-11-20,2019,OBER-0-20,CUT_PPM,124
905,5,2019-11-20,2019,UNTER40-60,CUT_PPM,36
905,5,2019-11-20,2019,OBER-0-20,Hg_AMA_PPM,1.3783
905,5,2019-11-20,2019,UNTER40-60,Hg_AMA_PPM,0.3214
905,5,2019-11-20,2019,OBER-0-20,HGT_PPM,1.48
905,5,2019-11-20,2019,OBER-0-20,NIT_PPM,30.4
905,5,2019-11-20,2019,UNTER40-60,NIT_PPM,36.6
905,5,2019-11-20,2019,OBER-0-20,ORG_SUB,8.336925
905,5,2019-11-20,2019,UNTER40-60,ORG_SUB,2.511082
905,5,2019-11-20,2019,OBER-0-20,PBT_PPM,197
905,5,2019-11-20,2019,UNTER40-60,PBT_PPM,51.2
905,5,2019-11-20,2019,OBER-0-20,PHCA,6.78
905,5,2019-11-20,2019,UNTER40-60,PHCA,6.76
905,5,2019-11-20,2019,OBER-0-20,ZNT_PPM,459
905,5,2019-11-20,2019,UNTER40-60,ZNT_PPM,113
905,6,2024-11-27,2024,OBER-0-20,CDT_PPM,2.1768
905,6,2024-11-27,2024,UNTER40-60,CDT_PPM,0.5898
905,6,2024-11-27,2024,OBER-0-20,CRT_PPM,56.2033
905,6,2024-11-27,2024,UNTER40-60,CRT_PPM,30.6953
905,6,2024-11-27,2024,OBER-0-20,CUT_PPM,143.7379
905,6,2024-11-27,2024,UNTER40-60,CUT_PPM,44.8276
905,6,2024-11-27,2024,OBER-0-20,Hg_AMA_PPM,1.35616
905,6,2024-11-27,2024,UNTER40-60,Hg_AMA_PPM,0.405091
905,6,2024-11-27,2024,OBER-0-20,HGT_PPM,1.367
905,6,2024-11-27,2024,UNTER40-60,HGT_PPM,0.3942
905,6,2024-11-27,2024,OBER-0-20,NIT_PPM,34.7992
905,6,2024-11-27,2024,UNTER40-60,NIT_PPM,37.9182
905,6,2024-11-27,2024,OBER-0-20,ORG_SUB,8.7837
905,6,2024-11-27,2024,UNTER40-60,ORG_SUB,2.661675
905,6,2024-11-27,2024,OBER-0-20,PBT_PPM,211.5799
905,6,2024-11-27,2024,UNTER40-60,PBT_PPM,66.6735
905,6,2024-11-27,2024,OBER-0-20,PHCA,6.76
905,6,2024-11-27,2024,UNTER40-60,PHCA,6.79
905,6,2024-11-27,2024,OBER-0-20,ZNT_PPM,484.7917
905,6,2024-11-27,2024,UNTER40-60,ZNT_PPM,136.8029
906,1,1999-12-21,1999,OBER-0-20,CDT_PPM,2.514
906,1,1999-12-21,1999,UNTER40-60,CDT_PPM,1.03763
906,1,1999-12-21,1999,OBER-0-20,CRT_PPM,46.2
906,1,1999-12-21,1999,UNTER40-60,CRT_PPM,36.12645
906,1,1999-12-21,1999,OBER-0-20,CUT_PPM,133.31766
906,1,1999-12-21,1999,UNTER40-60,CUT_PPM,73.449
906,1,1999-12-21,1999,OBER-0-20,Hg_AMA_PPM,2.0015
906,1,1999-12-21,1999,UNTER40-60,Hg_AMA_PPM,1.397
906,1,1999-12-21,1999,OBER-0-20,HGT_PPM,1.6825
906,1,1999-12-21,1999,UNTER40-60,HGT_PPM,0.8354
906,1,1999-12-21,1999,OBER-0-20,NIT_PPM,39.29567
906,1,1999-12-21,1999,UNTER40-60,NIT_PPM,38.47477
906,1,1999-12-21,1999,OBER-0-20,ORG_SUB,8.57
906,1,1999-12-21,1999,UNTER40-60,ORG_SUB,5.885862
906,1,1999-12-21,1999,OBER-0-20,PBT_PPM,221.77849
906,1,1999-12-21,1999,UNTER40-60,PBT_PPM,113.75719
906,1,1999-12-21,1999,OBER-0-20,PHCA,6.79
906,1,1999-12-21,1999,UNTER40-60,PHCA,6.83
906,1,1999-12-21,1999,OBER-0-20,ZNT_PPM,595.9
906,1,1999-12-21,1999,UNTER40-60,ZNT_PPM,236.86153
906,2,2004-12-09,2004,OBER-0-20,CDT_PPM,2.603
906,2,2004-12-09,2004,UNTER40-60,CDT_PPM,1.566
906,2,2004-12-09,2004,OBER-0-20,CRT_PPM,44.1
906,2,2004-12-09,2004,UNTER40-60,CRT_PPM,37
906,2,2004-12-09,2004,OBER-0-20,CUT_PPM,130.7
906,2,2004-12-09,2004,UNTER40-60,CUT_PPM,85.2
906,2,2004-12-09,2004,OBER-0-20,Hg_AMA_PPM,1.9284
906,2,2004-12-09,2004,OBER-0-20,HGT_PPM,1.658
906,2,2004-12-09,2004,UNTER40-60,HGT_PPM,0.969
906,2,2004-12-09,2004,OBER-0-20,NIT_PPM,37
906,2,2004-12-09,2004,UNTER40-60,NIT_PPM,37
906,2,2004-12-09,2004,OBER-0-20,ORG_SUB,9.50613
906,2,2004-12-09,2004,OBER-0-20,PBT_PPM,212
906,2,2004-12-09,2004,UNTER40-60,PBT_PPM,128
906,2,2004-12-09,2004,OBER-0-20,ZNT_PPM,614
906,2,2004-12-09,2004,UNTER40-60,ZNT_PPM,334.6
906,3,2009-10-21,2009,OBER-0-20,CDT_PPM,2.52
906,3,2009-10-21,2009,UNTER40-60,CDT_PPM,1.5
906,3,2009-10-21,2009,OBER-0-20,CRT_PPM,43.3
906,3,2009-10-21,2009,UNTER40-60,CRT_PPM,37.2
906,3,2009-10-21,2009,OBER-0-20,CUT_PPM,130
906,3,2009-10-21,2009,UNTER40-60,CUT_PPM,90.4
906,3,2009-10-21,2009,OBER-0-20,Hg_AMA_PPM,2.0813
906,3,2009-10-21,2009,OBER-0-20,HGT_PPM,1.68
906,3,2009-10-21,2009,UNTER40-60,HGT_PPM,1.1
906,3,2009-10-21,2009,OBER-0-20,NIT_PPM,36.3
906,3,2009-10-21,2009,UNTER40-60,NIT_PPM,37.3
906,3,2009-10-21,2009,OBER-0-20,ORG_SUB,10.80678
906,3,2009-10-21,2009,UNTER40-60,ORG_SUB,4.063927
906,3,2009-10-21,2009,OBER-0-20,PBT_PPM,215.4
906,3,2009-10-21,2009,UNTER40-60,PBT_PPM,132.7
906,3,2009-10-21,2009,OBER-0-20,PHCA,6.75
906,3,2009-10-21,2009,UNTER40-60,PHCA,7.02
906,3,2009-10-21,2009,OBER-0-20,ZNT_PPM,606
906,3,2009-10-21,2009,UNTER40-60,ZNT_PPM,341.1
906,4,2014-11-27,2014,OBER-0-20,CDT_PPM,2.61
906,4,2014-11-27,2014,OBER-0-20,CUT_PPM,141
906,4,2014-11-27,2014,OBER-0-20,Hg_AMA_PPM,1.8597
906,4,2014-11-27,2014,UNTER40-60,Hg_AMA_PPM,0.6768
906,4,2014-11-27,2014,OBER-0-20,HGT_PPM,1.62
906,4,2014-11-27,2014,OBER-0-20,NIT_PPM,37.9
906,4,2014-11-27,2014,OBER-0-20,ORG_SUB,9.08799
906,4,2014-11-27,2014,UNTER40-60,ORG_SUB,2.870917
906,4,2014-11-27,2014,OBER-0-20,PBT_PPM,237
906,4,2014-11-27,2014,OBER-0-20,PHCA,6.66
906,4,2014-11-27,2014,UNTER40-60,PHCA,7.07
906,4,2014-11-27,2014,OBER-0-20,ZNT_PPM,656
906,5,2019-11-20,2019,OBER-0-20,CDT_PPM,2.35
906,5,2019-11-20,2019,UNTER40-60,CDT_PPM,0.81
906,5,2019-11-20,2019,OBER-0-20,CUT_PPM,128
906,5,2019-11-20,2019,UNTER40-60,CUT_PPM,70.7
906,5,2019-11-20,2019,OBER-0-20,Hg_AMA_PPM,1.70965
906,5,2019-11-20,2019,UNTER40-60,Hg_AMA_PPM,0.67695
906,5,2019-11-20,2019,OBER-0-20,HGT_PPM,1.74
906,5,2019-11-20,2019,OBER-0-20,NIT_PPM,33.4
906,5,2019-11-20,2019,UNTER40-60,NIT_PPM,32.3
906,5,2019-11-20,2019,OBER-0-20,ORG_SUB,8.64225
906,5,2019-11-20,2019,UNTER40-60,ORG_SUB,2.624242
906,5,2019-11-20,2019,OBER-0-20,PBT_PPM,206
906,5,2019-11-20,2019,UNTER40-60,PBT_PPM,123
906,5,2019-11-20,2019,OBER-0-20,PHCA,6.72
906,5,2019-11-20,2019,UNTER40-60,PHCA,7.1
906,5,2019-11-20,2019,OBER-0-20,ZNT_PPM,571
906,5,2019-11-20,2019,UNTER40-60,ZNT_PPM,184
906,6,2024-12-11,2024,OBER-0-20,CDT_PPM,2.6377
906,6,2024-12-11,2024,UNTER40-60,CDT_PPM,1.3827
906,6,2024-12-11,2024,OBER-0-20,CRT_PPM,47.0107
906,6,2024-12-11,2024,UNTER40-60,CRT_PPM,35.0671
906,6,2024-12-11,2024,OBER-0-20,CUT_PPM,142.7638
906,6,2024-12-11,2024,UNTER40-60,CUT_PPM,105.4285
906,6,2024-12-11,2024,OBER-0-20,Hg_AMA_PPM,1.770992
906,6,2024-12-11,2024,UNTER40-60,Hg_AMA_PPM,1.081738
906,6,2024-12-11,2024,OBER-0-20,HGT_PPM,1.6354
906,6,2024-12-11,2024,UNTER40-60,HGT_PPM,0.971
906,6,2024-12-11,2024,OBER-0-20,NIT_PPM,37.5619
906,6,2024-12-11,2024,UNTER40-60,NIT_PPM,38.099
906,6,2024-12-11,2024,OBER-0-20,ORG_SUB,7.788375
906,6,2024-12-11,2024,UNTER40-60,ORG_SUB,3.110175
906,6,2024-12-11,2024,OBER-0-20,PBT_PPM,240.1375
906,6,2024-12-11,2024,UNTER40-60,PBT_PPM,132.7917
906,6,2024-12-11,2024,OBER-0-20,PHCA,6.68
906,6,2024-12-11,2024,UNTER40-60,PHCA,7.18
906,6,2024-12-11,2024,OBER-0-20,ZNT_PPM,644.7466
906,6,2024-12-11,2024,UNTER40-60,ZNT_PPM,285.4707
907,1,1999-12-21,1999,OBER-0-20,CDT_PPM,0.93844
907,1,1999-12-21,1999,UNTER40-60,CDT_PPM,0.24474
907,1,1999-12-21,1999,OBER-0-20,CRT_PPM,35.44822
907,1,1999-12-21,1999,UNTER40-60,CRT_PPM,40.09359
907,1,1999-12-21,1999,OBER-0-20,CUT_PPM,89.2
907,1,1999-12-21,1999,UNTER40-60,CUT_PPM,40.86982
907,1,1999-12-21,1999,OBER-0-20,Hg_AMA_PPM,0.864945
907,1,1999-12-21,1999,OBER-0-20,HGT_PPM,0.63045
907,1,1999-12-21,1999,UNTER40-60,HGT_PPM,0.26533
907,1,1999-12-21,1999,OBER-0-20,NIT_PPM,31.83157
907,1,1999-12-21,1999,UNTER40-60,NIT_PPM,47.50482
907,1,1999-12-21,1999,OBER-0-20,ORG_SUB,13.54
907,1,1999-12-21,1999,UNTER40-60,ORG_SUB,2.98
907,1,1999-12-21,1999,OBER-0-20,PBT_PPM,140.70593
907,1,1999-12-21,1999,UNTER40-60,PBT_PPM,52.55209
907,1,1999-12-21,1999,OBER-0-20,PHCA,6.63
907,1,1999-12-21,1999,UNTER40-60,PHCA,6.99
907,1,1999-12-21,1999,OBER-0-20,ZNT_PPM,325.4
907,1,1999-12-21,1999,UNTER40-60,ZNT_PPM,112.51559
907,2,2004-11-25,2004,OBER-0-20,CDT_PPM,0.844
907,2,2004-11-25,2004,UNTER40-60,CDT_PPM,0.438
907,2,2004-11-25,2004,OBER-0-20,CRT_PPM,35.2
907,2,2004-11-25,2004,UNTER40-60,CRT_PPM,37.2
907,2,2004-11-25,2004,OBER-0-20,CUT_PPM,95.4
907,2,2004-11-25,2004,UNTER40-60,CUT_PPM,51.5
907,2,2004-11-25,2004,OBER-0-20,Hg_AMA_PPM,0.9234
907,2,2004-11-25,2004,OBER-0-20,HGT_PPM,0.63054
907,2,2004-11-25,2004,UNTER40-60,HGT_PPM,0.358
907,2,2004-11-25,2004,OBER-0-20,NIT_PPM,31
907,2,2004-11-25,2004,UNTER40-60,NIT_PPM,41.4
907,2,2004-11-25,2004,OBER-0-20,ORG_SUB,15.165337
907,2,2004-11-25,2004,OBER-0-20,PBT_PPM,126
907,2,2004-11-25,2004,UNTER40-60,PBT_PPM,74.2
907,2,2004-11-25,2004,OBER-0-20,ZNT_PPM,300.3
907,2,2004-11-25,2004,UNTER40-60,ZNT_PPM,162.7
907,3,2009-10-21,2009,OBER-0-20,CDT_PPM,0.844
907,3,2009-10-21,2009,UNTER40-60,CDT_PPM,0.391
907,3,2009-10-21,2009,OBER-0-20,CRT_PPM,34.5
907,3,2009-10-21,2009,UNTER40-60,CRT_PPM,35.9
907,3,2009-10-21,2009,OBER-0-20,CUT_PPM,97.9
907,3,2009-10-21,2009,UNTER40-60,CUT_PPM,49.2
907,3,2009-10-21,2009,OBER-0-20,Hg_AMA_PPM,0.8509
907,3,2009-10-21,2009,OBER-0-20,HGT_PPM,0.77
907,3,2009-10-21,2009,UNTER40-60,HGT_PPM,0.32
907,3,2009-10-21,2009,OBER-0-20,NIT_PPM,29.9
907,3,2009-10-21,2009,UNTER40-60,NIT_PPM,41.7
907,3,2009-10-21,2009,OBER-0-20,ORG_SUB,17.6295
907,3,2009-10-21,2009,UNTER40-60,ORG_SUB,4.750477
907,3,2009-10-21,2009,OBER-0-20,PBT_PPM,124.8
907,3,2009-10-21,2009,UNTER40-60,PBT_PPM,64
907,3,2009-10-21,2009,OBER-0-20,PHCA,6.66
907,3,2009-10-21,2009,UNTER40-60,PHCA,6.92
907,3,2009-10-21,2009,OBER-0-20,ZNT_PPM,310.2
907,3,2009-10-21,2009,UNTER40-60,ZNT_PPM,154
907,4,2014-12-03,2014,OBER-0-20,CDT_PPM,0.872
907,4,2014-12-03,2014,OBER-0-20,CUT_PPM,99.9
907,4,2014-12-03,2014,OBER-0-20,Hg_AMA_PPM,0.8157
907,4,2014-12-03,2014,UNTER40-60,Hg_AMA_PPM,0.4278
907,4,2014-12-03,2014,OBER-0-20,HGT_PPM,0.59
907,4,2014-12-03,2014,OBER-0-20,NIT_PPM,29.8
907,4,2014-12-03,2014,OBER-0-20,ORG_SUB,16.345065
907,4,2014-12-03,2014,UNTER40-60,ORG_SUB,4.007865
907,4,2014-12-03,2014,OBER-0-20,PBT_PPM,132
907,4,2014-12-03,2014,OBER-0-20,PHCA,6.67
907,4,2014-12-03,2014,UNTER40-60,PHCA,6.85
907,4,2014-12-03,2014,OBER-0-20,ZNT_PPM,334
907,5,2019-11-26,2019,OBER-0-20,CDT_PPM,0.8345
907,5,2019-11-26,2019,UNTER40-60,CDT_PPM,0.394
907,5,2019-11-26,2019,OBER-0-20,CUT_PPM,108
907,5,2019-11-26,2019,UNTER40-60,CUT_PPM,49
907,5,2019-11-26,2019,OBER-0-20,Hg_AMA_PPM,0.6753
907,5,2019-11-26,2019,UNTER40-60,Hg_AMA_PPM,0.4981
907,5,2019-11-26,2019,OBER-0-20,HGT_PPM,0.54
907,5,2019-11-26,2019,OBER-0-20,NIT_PPM,28.2
907,5,2019-11-26,2019,UNTER40-60,NIT_PPM,37.8
907,5,2019-11-26,2019,OBER-0-20,ORG_SUB,16.118572
907,5,2019-11-26,2019,UNTER40-60,ORG_SUB,4.243672
907,5,2019-11-26,2019,OBER-0-20,PBT_PPM,137.5
907,5,2019-11-26,2019,UNTER40-60,PBT_PPM,70.2
907,5,2019-11-26,2019,OBER-0-20,PHCA,6.655
907,5,2019-11-26,2019,UNTER40-60,PHCA,6.82
907,5,2019-11-26,2019,OBER-0-20,ZNT_PPM,316
907,5,2019-11-26,2019,UNTER40-60,ZNT_PPM,140
907,6,2024-12-03,2024,OBER-0-20,CDT_PPM,0.9049
907,6,2024-12-03,2024,UNTER40-60,CDT_PPM,0.3922
907,6,2024-12-03,2024,OBER-0-20,CRT_PPM,35.5466
907,6,2024-12-03,2024,UNTER40-60,CRT_PPM,35.4177
907,6,2024-12-03,2024,OBER-0-20,CUT_PPM,128.056
907,6,2024-12-03,2024,UNTER40-60,CUT_PPM,53.9907
907,6,2024-12-03,2024,OBER-0-20,Hg_AMA_PPM,0.660282
907,6,2024-12-03,2024,UNTER40-60,Hg_AMA_PPM,0.410393
907,6,2024-12-03,2024,OBER-0-20,HGT_PPM,0.5504
907,6,2024-12-03,2024,UNTER40-60,HGT_PPM,0.3314
907,6,2024-12-03,2024,OBER-0-20,NIT_PPM,29.3727
907,6,2024-12-03,2024,UNTER40-60,NIT_PPM,41.9097
907,6,2024-12-03,2024,OBER-0-20,ORG_SUB,14.136375
907,6,2024-12-03,2024,UNTER40-60,ORG_SUB,4.03995
907,6,2024-12-03,2024,OBER-0-20,PBT_PPM,133.1729
907,6,2024-12-03,2024,UNTER40-60,PBT_PPM,66.1315
907,6,2024-12-03,2024,OBER-0-20,PHCA,6.76
907,6,2024-12-03,2024,UNTER40-60,PHCA,6.88
907,6,2024-12-03,2024,OBER-0-20,ZNT_PPM,301.9953
907,6,2024-12-03,2024,UNTER40-60,ZNT_PPM,148.3179
